date,prices,market_caps,total_volumes,id,symbol,open,high,low,close
2020-09-17,3.443832391414463,219913212.47869825,1802085330.293668,uniswap,uni,,,,
2020-09-18,3.443832391414463,219913212.47869825,1802085330.293668,uniswap,uni,,,,
2020-09-19,7.097694014200204,732822061.0330778,5688408416.882498,uniswap,uni,3.44,7.1,3.44,7.1
2020-09-20,5.702060553834949,647208421.0707141,2050756493.492213,uniswap,uni,,,,
2020-09-21,5.2565793825170735,632421347.516945,1316669226.584856,uniswap,uni,,,,
2020-09-22,4.294819485815088,526520586.45950305,1074198632.0904953,uniswap,uni,,,,
2020-09-23,3.9084488115362754,487186362.8207511,697928916.822781,uniswap,uni,5.7,5.7,3.91,3.91
2020-09-24,4.342896875450136,558449301.5904285,976430280.4460803,uniswap,uni,,,,
2020-09-25,5.138560549020833,670712373.8758416,776760499.8672208,uniswap,uni,,,,
2020-09-26,4.908146351132067,646853075.535181,626823584.8121408,uniswap,uni,,,,
2020-09-27,4.868443821195302,691125372.1503159,363925152.74854934,uniswap,uni,4.34,5.14,4.34,4.87
2020-09-28,4.8449853913098195,689402232.077857,341577705.09212464,uniswap,uni,,,,
2020-09-29,4.25191370645272,622352706.2677807,335772345.2750809,uniswap,uni,,,,
2020-09-30,4.34148712066533,641030584.1185127,279012123.5261533,uniswap,uni,4.84,4.84,4.25,4.34
2020-10-01,4.153261217519703,620840802.3152523,215900631.37764022,uniswap,uni,,,,
2020-10-02,4.243965217954716,636514926.1406465,370977286.8729862,uniswap,uni,,,,
2020-10-03,3.900844835698331,643770085.9726512,326043384.3933095,uniswap,uni,4.15,4.24,3.9,3.9
2020-10-04,3.8944884468656493,704073930.1747521,212356215.25192958,uniswap,uni,,,,
2020-10-05,3.7212077302504327,676286308.1652026,244544989.9204514,uniswap,uni,,,,
2020-10-06,3.3215235896179327,604064456.4319453,298746894.4948947,uniswap,uni,,,,
2020-10-07,2.692316035364427,484435475.7614607,384108414.06590426,uniswap,uni,3.89,3.89,2.69,2.69
2020-10-08,2.9633106457240044,540709193.0312451,438926126.0949557,uniswap,uni,,,,
2020-10-09,3.3087426484261653,603384806.4011482,487646893.72824025,uniswap,uni,,,,
2020-10-10,3.4063702284741098,624766817.7307591,377780662.24262124,uniswap,uni,,,,
2020-10-11,3.298512186270176,605086419.1414492,285868091.8782006,uniswap,uni,2.96,3.41,2.96,3.3
2020-10-12,3.374035991243129,620284007.0059217,198779007.34591478,uniswap,uni,,,,
2020-10-13,3.449721633623474,636858098.7676747,262845150.32599124,uniswap,uni,,,,
2020-10-14,3.3499527005941827,619474718.5315651,156290894.7283672,uniswap,uni,,,,
2020-10-15,3.122753139292542,577560863.213238,260812435.53290272,uniswap,uni,3.37,3.45,3.12,3.12
2020-10-16,3.0775235695166816,573329621.3129594,223937288.66708416,uniswap,uni,,,,
2020-10-17,3.0355792285330785,568053942.0466825,311404752.2546533,uniswap,uni,,,,
2020-10-18,3.07277417246438,573608919.3394606,158485458.09938937,uniswap,uni,,,,
2020-10-19,3.2660325602917597,658475452.6602299,153578565.9021965,uniswap,uni,3.08,3.27,3.04,3.27
2020-10-20,3.1709281832503637,638986846.1577828,177367219.185632,uniswap,uni,,,,
2020-10-21,2.8532854806443173,574630017.2192171,267899120.4802981,uniswap,uni,,,,
2020-10-22,2.9310426313836624,590704390.9094771,242609502.30000964,uniswap,uni,,,,
2020-10-23,3.0305303365473235,613902134.4513645,179057034.57620853,uniswap,uni,3.17,3.17,2.85,3.03
2020-10-24,3.0087042083703275,608790596.9414719,157171970.1050009,uniswap,uni,,,,
2020-10-25,2.941282437459054,594863487.4925164,114649947.17601904,uniswap,uni,,,,
2020-10-26,2.772325304871374,582236710.6524885,138696963.62674186,uniswap,uni,,,,
2020-10-27,2.7106759360451633,569460992.1533448,186029316.91562256,uniswap,uni,3.01,3.01,2.71,2.71
2020-10-28,2.8171776525337426,595487146.8850842,188714502.28583327,uniswap,uni,,,,
2020-10-29,2.6704541290239283,563330287.0275949,147809519.0275576,uniswap,uni,,,,
2020-10-30,2.537363184849842,536652174.1634711,130705348.51051356,uniswap,uni,,,,
2020-10-31,2.4099935458731143,509800102.67010105,219373066.75671974,uniswap,uni,2.82,2.82,2.41,2.41
2020-11-01,2.261015576647059,479933274.3121692,112447743.3022698,uniswap,uni,,,,
2020-11-02,2.3737984793597535,505102350.9126218,123598089.32183826,uniswap,uni,,,,
2020-11-03,2.251773695538215,482105416.860576,129313651.14587164,uniswap,uni,2.26,2.37,2.25,2.25
2020-11-04,2.137337380125421,459013051.13185984,106587850.41473934,uniswap,uni,,,,
2020-11-05,1.9281765822237158,411540818.446762,118641534.8189223,uniswap,uni,,,,
2020-11-06,2.206903889957113,472797950.4393272,344459948.36912775,uniswap,uni,,,,
2020-11-07,2.5486901663521757,546090935.4543844,407112159.3484543,uniswap,uni,2.14,2.55,1.93,2.55
2020-11-08,2.481258831059522,535529641.5250265,491671462.8606986,uniswap,uni,,,,
2020-11-09,2.8768344518769315,620585818.9074469,278969229.5601973,uniswap,uni,,,,
2020-11-10,2.6727746328917497,573849148.3657682,262312751.12296724,uniswap,uni,,,,
2020-11-11,3.0499147801985553,656695052.9585853,285676579.766339,uniswap,uni,2.48,3.05,2.48,3.05
2020-11-12,2.9375999867578084,630203163.1012877,290189822.8639477,uniswap,uni,,,,
2020-11-13,2.9621343171056673,638318912.7352413,266553988.6727794,uniswap,uni,,,,
2020-11-14,3.887205642398383,837054899.1487976,476124356.87531024,uniswap,uni,,,,
2020-11-15,3.811713208353668,824295398.9563959,406943170.6587308,uniswap,uni,2.94,3.89,2.94,3.81
2020-11-16,3.86646064978227,832451942.6779054,416448751.32485884,uniswap,uni,,,,
2020-11-17,3.5777587515325266,770626828.1027259,418257582.48993695,uniswap,uni,,,,
2020-11-18,3.8288876767125397,823469580.4665115,404729766.5233903,uniswap,uni,,,,
2020-11-19,3.464279444082397,744366290.5439156,349115856.6319695,uniswap,uni,3.87,3.87,3.46,3.46
2020-11-20,3.7292267083245254,801066288.3822533,371297515.18057406,uniswap,uni,,,,
2020-11-21,3.841956262293396,823599938.8097627,451935722.0365768,uniswap,uni,,,,
2020-11-22,3.8224979962539907,819420815.5549861,457778339.4355159,uniswap,uni,,,,
2020-11-23,3.682139733095448,798274699.6803893,398423650.61119413,uniswap,uni,3.73,3.84,3.68,3.68
2020-11-24,4.160502959398576,888267428.9186445,500339828.16504496,uniswap,uni,,,,
2020-11-25,4.0532131930398485,875380216.1524823,494435418.46095675,uniswap,uni,,,,
2020-11-26,3.6756591848236986,787449062.6068666,406380440.1326761,uniswap,uni,,,,
2020-11-27,3.425366372063327,733369987.3925536,510984397.6844744,uniswap,uni,4.16,4.16,3.43,3.43
2020-11-28,3.3209595672215624,713179854.7216576,315218115.1560552,uniswap,uni,,,,
2020-11-29,3.462034852545152,743811283.7156703,183770822.29365265,uniswap,uni,,,,
2020-11-30,3.5421268078675268,759264594.5007293,198301875.29683137,uniswap,uni,3.32,3.54,3.32,3.54
2020-12-01,3.7534904564969676,809636090.5766013,280030160.1998901,uniswap,uni,,,,
2020-12-02,3.5610328724095686,766671246.6754014,373303587.5576778,uniswap,uni,,,,
2020-12-03,3.9717235369868873,857916550.9757915,406760837.4708671,uniswap,uni,3.75,3.97,3.56,3.97
2020-12-04,3.8823259032595683,836700609.727124,274648451.3505504,uniswap,uni,,,,
2020-12-05,3.53402576533193,757755073.8714986,221582896.3096745,uniswap,uni,,,,
2020-12-06,3.6833395557210284,792687386.2649285,190879983.04395038,uniswap,uni,,,,
2020-12-07,3.6384933556617765,781382593.6960821,185973044.77553254,uniswap,uni,3.88,3.88,3.53,3.64
2020-12-08,3.760556589402304,808737480.205302,217578687.13042405,uniswap,uni,,,,
2020-12-09,3.2913820712813653,715633175.911876,240351771.39920992,uniswap,uni,,,,
2020-12-10,3.361203998549995,723460573.708362,229534248.81601888,uniswap,uni,,,,
2020-12-11,3.2426462008000745,698376510.5489792,161320792.29777637,uniswap,uni,3.76,3.76,3.24,3.24
2020-12-12,2.969937981631195,640057166.0529337,221350365.76760957,uniswap,uni,,,,
2020-12-13,3.118612137908698,671894509.5713987,135658293.95547333,uniswap,uni,,,,
2020-12-14,3.330154879105268,716172377.566087,153495615.07987532,uniswap,uni,,,,
2020-12-15,3.4930335781541366,749375717.9281832,183939528.11184648,uniswap,uni,2.97,3.49,2.97,3.49
2020-12-16,3.333949272776269,718477508.3040215,166152867.0011512,uniswap,uni,,,,
2020-12-17,3.525317976584329,757153519.1393195,204305925.8169443,uniswap,uni,,,,
2020-12-18,3.689865086597767,790423837.0289786,450100318.7514347,uniswap,uni,,,,
2020-12-19,3.770222155306193,809123722.42147,327609257.4344026,uniswap,uni,3.33,3.77,3.33,3.77
2020-12-20,3.9630910759364646,850581432.1663342,420406907.87859446,uniswap,uni,,,,
2020-12-21,3.7641532671324476,810382324.7022611,275443989.3639796,uniswap,uni,,,,
2020-12-22,3.5282687910962203,759874427.4792111,262940014.01935193,uniswap,uni,,,,
2020-12-23,3.7537021021706765,805673159.5674238,325751402.0600609,uniswap,uni,3.96,3.96,3.53,3.75
2020-12-24,3.319324985614987,721651796.4986829,376531126.06884825,uniswap,uni,,,,
2020-12-25,3.5123352667827676,753575318.6977578,328898688.9358483,uniswap,uni,,,,
2020-12-26,3.5015609706547175,753044951.8807377,256537750.05243066,uniswap,uni,,,,
2020-12-27,3.416389638489307,732677812.4878981,233265501.35565948,uniswap,uni,3.32,3.51,3.32,3.42
2020-12-28,3.6002982043138365,779517935.104836,326236005.2838611,uniswap,uni,,,,
2020-12-29,3.7353916631652893,804350306.086027,223923394.32365412,uniswap,uni,,,,
2020-12-30,3.6739552008416854,795250241.3937147,201739690.8310578,uniswap,uni,,,,
2020-12-31,4.148643644474213,895773489.9060061,378751101.76500857,uniswap,uni,3.6,4.15,3.6,4.15
2021-01-01,5.171078271992416,1099631636.1653872,824702233.5266474,uniswap,uni,,,,
2021-01-02,4.744909770955848,1022200635.8040441,452044945.6698731,uniswap,uni,,,,
2021-01-03,4.8638885945031936,1044423165.7654226,608416547.3842144,uniswap,uni,5.17,5.17,4.74,4.86
2021-01-04,5.414757447881926,1202761112.676848,648980438.6245198,uniswap,uni,,,,
2021-01-05,5.2688424324048215,1126797182.5802603,559103874.0568565,uniswap,uni,,,,
2021-01-06,6.330039540016079,1362188547.6343179,584406673.4967331,uniswap,uni,,,,
2021-01-07,6.40667314597079,1373830072.1371005,506631176.12117565,uniswap,uni,5.41,6.41,5.27,6.41
2021-01-08,6.28002103259672,1347490392.6306486,378737338.54594994,uniswap,uni,,,,
2021-01-09,5.903025778292023,1270376211.550848,509558009.5915883,uniswap,uni,,,,
2021-01-10,6.262801429858156,1357012421.554772,436433006.11123395,uniswap,uni,,,,
2021-01-11,6.018278998231146,1303546945.5403168,446873138.1388761,uniswap,uni,6.28,6.28,5.9,6.02
2021-01-12,5.236977252369884,1121096311.700495,574251384.2802006,uniswap,uni,,,,
2021-01-13,5.559993812411417,1195720707.535306,475763756.95196444,uniswap,uni,,,,
2021-01-14,6.334450385881794,1358006365.812793,471258616.65286165,uniswap,uni,,,,
2021-01-15,6.829704203290314,1455037823.3210673,517580677.1981703,uniswap,uni,5.24,6.83,5.24,6.83
2021-01-16,7.368167682944275,1602472033.421857,760428730.2735196,uniswap,uni,,,,
2021-01-17,8.424171550248074,1813071125.511511,892977151.8689348,uniswap,uni,,,,
2021-01-18,8.671467056811906,1885359961.3471706,783750422.9999478,uniswap,uni,,,,
2021-01-19,9.18860904058513,1956879124.5671573,660717406.6388996,uniswap,uni,7.37,9.19,7.37,9.19
2021-01-20,8.62100745902781,1873169648.1414063,593261834.343645,uniswap,uni,,,,
2021-01-21,9.032074483778295,1935928979.245395,614488308.8302047,uniswap,uni,,,,
2021-01-22,7.637283628607471,1646769126.744525,766163746.432814,uniswap,uni,,,,
2021-01-23,8.711255875570838,1878962888.688168,777303127.8324175,uniswap,uni,8.62,9.03,7.64,8.71
2021-01-24,9.298225615765372,1999895064.9501379,642329832.0118979,uniswap,uni,,,,
2021-01-25,12.008801004555899,3457719717.4881573,1339750287.223756,uniswap,uni,,,,
2021-01-26,11.396887817550288,3257781268.7760725,1258031799.0660536,uniswap,uni,,,,
2021-01-27,13.79671791735524,3910299627.3158913,1870143777.972947,uniswap,uni,9.3,13.8,9.3,13.8
2021-01-28,14.826944209191103,4262672055.7619066,1988424279.4460337,uniswap,uni,,,,
2021-01-29,14.161866549890156,4050510658.044183,1550504012.752839,uniswap,uni,,,,
2021-01-30,15.645275352345399,4457719714.651553,1616973238.7223942,uniswap,uni,,,,
2021-01-31,19.390026684593842,5526735076.374684,2031907840.7746058,uniswap,uni,14.83,19.39,14.16,19.39
2021-02-01,17.638787124819952,5088183581.45538,1777734968.623929,uniswap,uni,,,,
2021-02-02,20.358868956868168,5871493276.726128,1894362308.1348546,uniswap,uni,,,,
2021-02-03,19.072254090511567,5508085635.714836,1417633194.841543,uniswap,uni,17.64,20.36,17.64,19.07
2021-02-04,19.826955201427335,5686308871.089227,1207216842.8498006,uniswap,uni,,,,
2021-02-05,20.046299963873743,5769499937.505494,1359131427.8960867,uniswap,uni,,,,
2021-02-06,21.24196805398914,6321799769.83289,1315724521.5155115,uniswap,uni,,,,
2021-02-07,19.32316884434958,5766938732.57773,1124689339.6259599,uniswap,uni,19.83,21.24,19.32,19.32
2021-02-08,18.582838493435663,5535603356.336959,1135550184.047655,uniswap,uni,,,,
2021-02-09,19.358305970959584,5744354009.214107,1141451176.4957368,uniswap,uni,,,,
2021-02-10,19.513946965897038,5848771610.388897,893395008.2443836,uniswap,uni,,,,
2021-02-11,20.60618481654805,6189233659.319318,1565478791.2300613,uniswap,uni,18.58,20.61,18.58,20.61
2021-02-12,21.473246483515222,6429248007.496799,1010745029.005973,uniswap,uni,,,,
2021-02-13,22.70225567259063,6815508552.601418,1369634694.918432,uniswap,uni,,,,
2021-02-14,21.772030093739797,6540139184.216119,1039214054.5710523,uniswap,uni,,,,
2021-02-15,20.951094824035277,6278943841.250568,836712393.2404209,uniswap,uni,21.47,22.7,20.95,20.95
2021-02-16,19.986754437788473,5982610726.858003,1335067502.9401636,uniswap,uni,,,,
2021-02-17,20.433062816515477,6110386492.831019,950433946.5471517,uniswap,uni,,,,
2021-02-18,21.46977238015718,6427499907.742221,943695978.233675,uniswap,uni,,,,
2021-02-19,21.197035107007075,6335641981.136545,893915503.2540938,uniswap,uni,19.99,21.47,19.99,21.2
2021-02-20,20.16573557832418,6006310925.07141,1020159160.0554446,uniswap,uni,,,,
2021-02-21,28.950034318073403,8538609828.004031,4724011321.893948,uniswap,uni,,,,
2021-02-22,28.99642072286137,8684028167.072233,2784044933.1259685,uniswap,uni,,,,
2021-02-23,27.76431862935422,8280636144.036506,2673881785.2123346,uniswap,uni,20.17,29.0,20.17,27.76
2021-02-24,24.6815553864407,7329621210.892453,3163004782.431511,uniswap,uni,,,,
2021-02-25,25.369173807347188,7586409970.831615,1920254182.885666,uniswap,uni,,,,
2021-02-26,23.253500070929256,7007917770.101435,1468489900.049544,uniswap,uni,,,,
2021-02-27,23.134226150290118,7166061055.355288,1555077298.4778,uniswap,uni,24.68,25.37,23.13,23.13
2021-02-28,23.618194960234987,7245382879.302461,936927724.3313073,uniswap,uni,23.62,25.67,22.16,25.67
2021-03-01,22.159001101083888,6884169920.451811,1089343433.9333875,uniswap,uni,,,,
2021-03-02,25.59269877101533,7871644853.559921,1008174261.7990565,uniswap,uni,,,,
2021-03-03,25.67386785155362,7938770686.177972,1396400772.2835116,uniswap,uni,,,,
2021-03-04,25.486634117740195,7933740066.481902,925993783.7850428,uniswap,uni,,,,
2021-03-05,28.36821522662155,8803390260.277868,2022857205.0127583,uniswap,uni,,,,
2021-03-06,28.30845896105933,8703821762.736952,1404842922.8853452,uniswap,uni,,,,
2021-03-07,28.445598876361355,14785796370.078287,888827927.7244853,uniswap,uni,25.49,28.45,25.49,28.45
2021-03-08,34.621393833045,18000871947.13093,1920823408.536654,uniswap,uni,,,,
2021-03-09,33.47640430849334,17463301675.334435,1612019368.2656958,uniswap,uni,,,,
2021-03-10,32.89108641593648,17055000313.178308,1193543527.6781414,uniswap,uni,,,,
2021-03-11,30.935873695471596,16120109458.45097,1063837175.2574469,uniswap,uni,34.62,34.62,30.94,30.94
2021-03-12,31.033955819076773,16119273801.59986,960033602.6052556,uniswap,uni,,,,
2021-03-13,31.04021663066435,16155326738.583248,1186072896.1438892,uniswap,uni,,,,
2021-03-14,32.441688716023855,16859485766.807154,1289367663.2993128,uniswap,uni,,,,
2021-03-15,31.037886683763894,16125156715.344048,1122780113.965998,uniswap,uni,31.03,32.44,31.03,31.04
2021-03-16,29.673658313051263,15449946475.733334,1155570529.171646,uniswap,uni,,,,
2021-03-17,29.875137275195,15471158515.32795,1050435935.9391568,uniswap,uni,,,,
2021-03-18,31.569448567574476,16441859239.593502,1132299457.9634585,uniswap,uni,,,,
2021-03-19,30.146638520374715,15673535367.824612,672286737.5289786,uniswap,uni,29.67,31.57,29.67,30.15
2021-03-20,33.21978583518823,17308220331.30915,1033158236.7801038,uniswap,uni,,,,
2021-03-21,32.17698744603948,16725882113.925303,1060350155.0867463,uniswap,uni,,,,
2021-03-22,32.93035554410295,17114962741.79377,716047679.7953068,uniswap,uni,,,,
2021-03-23,32.99523398020988,17238680313.11546,1381904225.604729,uniswap,uni,33.22,33.22,32.18,33.0
2021-03-24,31.092701843068866,16055382395.307783,1860453596.6625454,uniswap,uni,,,,
2021-03-25,27.5259305169569,14351045746.375404,1384567626.283326,uniswap,uni,,,,
2021-03-26,26.535513157787733,13766080139.981758,1128204980.870811,uniswap,uni,,,,
2021-03-27,28.97968240145328,14986439483.527382,994080902.7562132,uniswap,uni,31.09,31.09,26.54,28.98
2021-03-28,28.247568576614004,14681213498.574812,875673307.1945412,uniswap,uni,,,,
2021-03-29,27.844293459051542,14479575407.089466,689178656.9249266,uniswap,uni,,,,
2021-03-30,29.041643422657728,15091221585.909716,847402534.0052477,uniswap,uni,,,,
2021-03-31,28.54514844671771,14830155560.657837,734983623.0477979,uniswap,uni,28.25,29.04,27.84,28.55
2021-04-01,28.040616383225696,14611600101.943754,904458391.4378318,uniswap,uni,,,,
2021-04-02,28.709079158061698,14932924434.375237,1060884094.1627505,uniswap,uni,,,,
2021-04-03,30.075659430929772,15638764057.077736,812769149.4402751,uniswap,uni,28.04,30.08,28.04,30.08
2021-04-04,29.507122950273846,15421482342.437128,1265286667.7734768,uniswap,uni,,,,
2021-04-05,31.01591744556072,16153866456.885544,781106912.3643713,uniswap,uni,,,,
2021-04-06,30.73890642419465,15962072689.870068,873130951.2701776,uniswap,uni,,,,
2021-04-07,31.353608762428344,16309533174.93992,1030841238.110863,uniswap,uni,29.51,31.35,29.51,31.35
2021-04-08,28.616200276208147,14935901075.534973,1161207835.3831873,uniswap,uni,,,,
2021-04-09,30.201264605450547,15720242344.032288,784904383.6115807,uniswap,uni,,,,
2021-04-10,29.526547822825073,15391195971.55995,623441889.082578,uniswap,uni,,,,
2021-04-11,29.760904501950478,15457242677.44422,722036765.6834116,uniswap,uni,28.62,30.2,28.62,29.76
2021-04-12,29.91271945032329,15524034940.501959,764898587.5221801,uniswap,uni,,,,
2021-04-13,36.735779630390006,19144430314.82384,2889481177.5018616,uniswap,uni,,,,
2021-04-14,35.50202012840731,18342267583.03701,1708890469.5460348,uniswap,uni,,,,
2021-04-15,36.073858891603614,18760824233.069523,1563535908.9805756,uniswap,uni,29.91,36.74,29.91,36.07
2021-04-16,37.86089086963291,19664554845.7289,1766633578.7179375,uniswap,uni,,,,
2021-04-17,36.23721695811021,18872611505.577892,1448521982.9963844,uniswap,uni,,,,
2021-04-18,34.76754885144198,18166059530.99115,930619611.8500047,uniswap,uni,,,,
2021-04-19,31.781750820759218,16636767225.390648,1710254904.356988,uniswap,uni,37.86,37.86,31.78,31.78
2021-04-20,31.345466854040474,16366385637.621965,1111669225.0515075,uniswap,uni,,,,
2021-04-21,31.968636497777066,16645899118.888922,1182004358.9389002,uniswap,uni,,,,
2021-04-22,33.48270701781829,17489937901.702545,1760452654.9309895,uniswap,uni,,,,
2021-04-23,34.52378462366297,17979588796.227318,2422363805.0182767,uniswap,uni,31.35,34.52,31.35,34.52
2021-04-24,32.938608193053895,17094009322.25015,1835635217.769972,uniswap,uni,,,,
2021-04-25,30.04206519744188,15768347121.559797,845624016.3105899,uniswap,uni,,,,
2021-04-26,33.7408876721244,17504824743.220337,1296891246.483838,uniswap,uni,,,,
2021-04-27,37.94415718429781,19685884166.76706,1427787042.7943268,uniswap,uni,32.94,37.94,30.04,37.94
2021-04-28,39.3945262241258,20462310547.94931,1441551893.2984433,uniswap,uni,,,,
2021-04-29,42.77086929696888,22066932316.44179,2010272799.5539074,uniswap,uni,,,,
2021-04-30,41.28410891505423,21517770855.962162,1436741925.8732455,uniswap,uni,39.39,42.77,39.39,41.28
2021-05-01,40.5754054233366,20966193258.520176,1272830731.9388618,uniswap,uni,,,,
2021-05-02,40.08584326017409,20835088800.041653,964031038.6379355,uniswap,uni,,,,
2021-05-03,42.417421270916286,22067117153.79229,1323773729.3610675,uniswap,uni,40.58,42.42,40.09,42.42
2021-05-04,42.322693386419,22048979110.985138,1408960631.853989,uniswap,uni,,,,
2021-05-05,42.88409662272933,22531045773.149952,1954476083.0829344,uniswap,uni,,,,
2021-05-06,42.47966845388079,21999590396.306828,1720124312.493284,uniswap,uni,,,,
2021-05-07,40.198406510099,20962663814.783005,1396000538.6622086,uniswap,uni,42.32,42.88,40.2,40.2
2021-05-08,39.77171645958462,20632351275.40186,1221999973.987672,uniswap,uni,,,,
2021-05-09,40.42370981187069,20932492819.19116,977685689.8255162,uniswap,uni,,,,
2021-05-10,39.4754067045649,20524013783.96639,892216906.0464505,uniswap,uni,,,,
2021-05-11,36.454616478099474,19013078262.77166,1183918067.8499138,uniswap,uni,39.77,40.42,36.45,36.45
2021-05-12,38.555430916027646,19963462059.02463,942658968.5069667,uniswap,uni,,,,
2021-05-13,37.40945146400453,20098489560.89826,2133706915.0563972,uniswap,uni,,,,
2021-05-14,37.51936038935535,19299424611.485252,1744373142.223216,uniswap,uni,,,,
2021-05-15,40.22544259508307,20911930977.554783,1045198452.0654036,uniswap,uni,38.56,40.23,37.41,40.23
2021-05-16,36.55976613318917,19080609069.71218,1294761149.773782,uniswap,uni,,,,
2021-05-17,36.43459798239508,18911255214.574574,1081920780.3901498,uniswap,uni,,,,
2021-05-18,33.18296109492979,17486595786.410786,1169372530.2762883,uniswap,uni,,,,
2021-05-19,35.231647792055035,18180660856.575863,1070183144.2233391,uniswap,uni,36.56,36.56,33.18,35.23
2021-05-20,23.625986818896006,12602366216.180325,2347113052.2678595,uniswap,uni,,,,
2021-05-21,26.30903252569058,13622752331.077631,1497329159.6214447,uniswap,uni,,,,
2021-05-22,21.781769473055505,11295503726.290405,1297490718.634286,uniswap,uni,,,,
2021-05-23,20.460067083643683,10639247156.097713,896183979.1636194,uniswap,uni,23.63,26.31,20.46,20.46
2021-05-24,16.913349979685155,8778467225.508617,1347195505.5785525,uniswap,uni,,,,
2021-05-25,24.579134515943508,12878834883.380674,1560905596.6696143,uniswap,uni,,,,
2021-05-26,25.129927338613786,13108865636.031528,1417237167.7640603,uniswap,uni,,,,
2021-05-27,29.256707236847536,15192076749.16924,1120612438.329353,uniswap,uni,16.91,29.26,16.91,29.26
2021-05-28,28.615899227629843,14836553003.975842,1048647538.733989,uniswap,uni,,,,
2021-05-29,25.932450370779268,13549096794.244926,1086783846.448085,uniswap,uni,,,,
2021-05-30,23.18797655591545,12177437998.951092,823387645.3608849,uniswap,uni,,,,
2021-05-31,25.72221760366559,13344983979.306942,804144402.1001518,uniswap,uni,28.62,28.62,23.19,25.72
2021-06-01,28.278773730108192,14714510558.33837,1083684313.7629218,uniswap,uni,,,,
2021-06-02,27.37967331184594,14266743888.35211,800121553.8413837,uniswap,uni,,,,
2021-06-03,27.733691070025866,14403678265.638166,613791896.4466391,uniswap,uni,28.28,28.28,27.38,27.73
2021-06-04,28.75424608109411,14968848107.548033,567018549.9068279,uniswap,uni,,,,
2021-06-05,26.500007502544737,13806645099.143055,556617698.4203678,uniswap,uni,,,,
2021-06-06,25.62425935827629,13236003245.768808,416708186.25985104,uniswap,uni,,,,
2021-06-07,25.849304501320383,13451367318.93007,302334554.09403217,uniswap,uni,28.75,28.75,25.62,25.85
2021-06-08,23.998196888658022,12613482619.683756,469406081.3803765,uniswap,uni,,,,
2021-06-09,23.50606219407111,12280851126.168135,573377787.478617,uniswap,uni,,,,
2021-06-10,25.172290372942854,13141278620.335745,656660732.7143261,uniswap,uni,,,,
2021-06-11,23.562079975609862,12312757983.7179,393388135.73774356,uniswap,uni,24.0,25.17,23.51,23.56
2021-06-12,21.838306026417136,11344352129.472044,345103511.8275833,uniswap,uni,,,,
2021-06-13,21.378808119329204,11166271682.472525,346713410.0183862,uniswap,uni,,,,
2021-06-14,23.388039703826532,12049808148.719368,376549534.9242012,uniswap,uni,,,,
2021-06-15,24.264196404895344,12606959726.758831,413319010.2966569,uniswap,uni,21.84,24.26,21.38,24.26
2021-06-16,23.577694536943426,12276513822.119081,267487502.67906892,uniswap,uni,,,,
2021-06-17,21.75109184219665,11297376211.979023,295392167.1372831,uniswap,uni,,,,
2021-06-18,22.22397138305936,11471300283.315557,234616308.5022973,uniswap,uni,,,,
2021-06-19,20.373643563724542,10602984406.393543,285357050.2664139,uniswap,uni,23.58,23.58,20.37,20.37
2021-06-20,19.890780818849283,10330166414.915752,213488836.21143046,uniswap,uni,,,,
2021-06-21,20.816261009063304,10823711568.175325,315251721.43097115,uniswap,uni,,,,
2021-06-22,15.970704786655926,8387199550.742471,537297119.7960297,uniswap,uni,,,,
2021-06-23,16.370259750854522,8477216957.694404,698852933.9350687,uniswap,uni,19.89,20.82,15.97,16.37
2021-06-24,17.829456504097095,9264928093.310345,479912622.4184925,uniswap,uni,,,,
2021-06-25,18.0667151242022,9393951389.235577,302161046.380925,uniswap,uni,,,,
2021-06-26,16.172249519318125,8426299423.967163,317218521.35496515,uniswap,uni,,,,
2021-06-27,16.008507036063964,8290522738.662094,244698897.6870538,uniswap,uni,17.83,18.07,16.01,16.01
2021-06-28,17.05550488466715,8855850307.056557,215956467.69514182,uniswap,uni,,,,
2021-06-29,17.748392141619405,9235160280.727997,253662366.82440746,uniswap,uni,,,,
2021-06-30,18.617033293943404,9707709129.910637,333680340.3347164,uniswap,uni,17.06,18.62,17.06,18.62
2021-07-01,19.26720516591401,10017017557.895962,347044248.527958,uniswap,uni,,,,
2021-07-02,17.96679464680169,9333359969.878733,286288256.61330616,uniswap,uni,,,,
2021-07-03,18.232300860715522,9462758032.177608,220023562.3764466,uniswap,uni,19.27,19.27,17.97,18.23
2021-07-04,19.41652670979206,10088655008.249132,245778943.5241342,uniswap,uni,,,,
2021-07-05,20.872129596324438,10850342434.162794,486979400.4397563,uniswap,uni,,,,
2021-07-06,20.22755365275236,10525832017.973541,422466660.20331514,uniswap,uni,,,,
2021-07-07,22.3445214884392,11608802353.412985,739973645.6841846,uniswap,uni,19.42,22.34,19.42,22.34
2021-07-08,22.410617142857696,11650837813.605581,429667893.0750782,uniswap,uni,,,,
2021-07-09,20.429657254052934,10616133374.327568,379510267.2532497,uniswap,uni,,,,
2021-07-10,21.093212814029208,10965693623.299467,321418439.99853414,uniswap,uni,,,,
2021-07-11,20.344892225542416,10577796005.170385,212659432.42385218,uniswap,uni,22.41,22.41,20.34,20.34
2021-07-12,20.670512408907033,10745319594.74598,187421690.5196427,uniswap,uni,,,,
2021-07-13,19.650443237701566,10203811744.744122,267560547.31672803,uniswap,uni,,,,
2021-07-14,18.395776782872908,9544733423.366758,272157542.0496149,uniswap,uni,,,,
2021-07-15,17.90782844904562,9290650396.4871,421654603.94232076,uniswap,uni,20.67,20.67,17.91,17.91
2021-07-16,16.971667330116354,8830047975.515186,312619907.32282937,uniswap,uni,,,,
2021-07-17,16.379294474128713,8476614924.481534,266681158.65134493,uniswap,uni,,,,
2021-07-18,16.118714317230314,8387277898.2564335,247664806.27993363,uniswap,uni,,,,
2021-07-19,16.45270336749149,8554255182.256148,250496328.28444934,uniswap,uni,16.97,16.97,16.12,16.45
2021-07-20,15.759299836874757,8262119707.662116,303121489.4236345,uniswap,uni,,,,
2021-07-21,14.636733740674124,7631443233.002677,295482578.0379,uniswap,uni,,,,
2021-07-22,16.768448517662996,8689643628.797651,384141492.3870195,uniswap,uni,,,,
2021-07-23,17.599181819826054,9149059873.91254,310071792.08237046,uniswap,uni,15.76,17.6,14.64,17.6
2021-07-24,18.617164835114142,9652174791.000511,355034093.2487028,uniswap,uni,,,,
2021-07-25,18.283330956972087,9505862254.81691,285379632.8571276,uniswap,uni,,,,
2021-07-26,18.383557953902127,9563991875.950897,277562389.1273952,uniswap,uni,,,,
2021-07-27,18.57870420102536,9684226981.427572,503649048.520901,uniswap,uni,18.62,18.62,18.28,18.58
2021-07-28,18.731983667535037,9722571438.938078,372578995.64020014,uniswap,uni,,,,
2021-07-29,19.07803500737772,9913956668.465853,385362059.2539111,uniswap,uni,,,,
2021-07-30,19.546490989603406,10188404386.786572,333570030.88653743,uniswap,uni,,,,
2021-07-31,21.000309981643756,10914562607.27556,514663303.007334,uniswap,uni,18.73,21.0,18.73,21.0
2021-08-01,21.90700669271654,11388284080.773903,410758851.2426803,uniswap,uni,,,,
2021-08-02,22.050857431867442,11374697963.401554,475683658.3046339,uniswap,uni,,,,
2021-08-03,22.468917766292304,11713474226.219545,425771626.1368887,uniswap,uni,21.91,22.47,21.91,22.47
2021-08-04,21.41376815339753,11132368109.49126,414981350.9002622,uniswap,uni,,,,
2021-08-05,23.546564925203725,12203745070.555143,552814277.791703,uniswap,uni,,,,
2021-08-06,25.364984329625802,13185352005.618793,699296574.8443508,uniswap,uni,,,,
2021-08-07,26.214585749633507,13638910793.55033,490333635.44662476,uniswap,uni,21.41,26.21,21.41,26.21
2021-08-08,28.30665016473112,14632225045.70902,640825905.2788377,uniswap,uni,,,,
2021-08-09,26.6531195206146,13848908166.127323,432207756.86523604,uniswap,uni,,,,
2021-08-10,28.42273296218297,14573644344.62927,559545305.4371892,uniswap,uni,,,,
2021-08-11,28.868715507562644,15013840775.823084,724256684.5684078,uniswap,uni,28.31,28.87,26.65,28.87
2021-08-12,29.031721500927375,15074057039.901127,652752265.9145696,uniswap,uni,,,,
2021-08-13,28.028754374629905,14535927994.461237,569346100.5724059,uniswap,uni,,,,
2021-08-14,30.52004018660741,15856553007.358017,554988172.7884215,uniswap,uni,,,,
2021-08-15,30.13190406546406,15709168426.900194,487706691.2486086,uniswap,uni,29.03,30.52,28.03,30.13
2021-08-16,30.229737157087037,15696675064.012932,398902724.6627441,uniswap,uni,,,,
2021-08-17,29.218431294975854,15369230973.244715,546782677.8158648,uniswap,uni,,,,
2021-08-18,26.35032936668778,13754741700.155434,767742020.8837827,uniswap,uni,,,,
2021-08-19,26.630549471228242,13939845220.537468,627293390.046418,uniswap,uni,30.23,30.23,26.35,26.63
2021-08-20,27.643619146577965,14176608464.345716,507667360.0519697,uniswap,uni,,,,
2021-08-21,28.738833900684718,14905083711.957464,442776320.4657239,uniswap,uni,,,,
2021-08-22,28.291433894164413,14703038938.084696,407137434.55326855,uniswap,uni,,,,
2021-08-23,28.42693985918856,14791766057.127138,383614067.72628266,uniswap,uni,27.64,28.74,27.64,28.43
2021-08-24,28.75728667351617,14987643095.19138,386748324.09930193,uniswap,uni,,,,
2021-08-25,26.77179065368033,13915252559.242048,422140396.1266143,uniswap,uni,,,,
2021-08-26,27.077363423424202,14097395315.886988,333577741.1507848,uniswap,uni,,,,
2021-08-27,25.862155444264562,13527339633.983707,363793501.6424933,uniswap,uni,28.76,28.76,25.86,25.86
2021-08-28,27.321717596132913,14213954708.107561,360776831.10807395,uniswap,uni,,,,
2021-08-29,26.837906981641478,13943939694.124075,223173120.5389269,uniswap,uni,,,,
2021-08-30,26.807944322685128,13913928721.295958,284267513.9509906,uniswap,uni,,,,
2021-08-31,26.885263942461396,13907754624.550062,402930910.5194873,uniswap,uni,27.32,27.32,26.81,26.89
2021-09-01,29.584571334506826,15407946680.882442,783954256.7844257,uniswap,uni,,,,
2021-09-02,31.046203646618423,16128419939.488716,877875674.6056006,uniswap,uni,,,,
2021-09-03,30.040142481537107,15623666079.300167,447984348.17267776,uniswap,uni,29.58,31.05,29.58,30.04
2021-09-04,28.623355682511562,14865045190.274055,954422714.9122263,uniswap,uni,,,,
2021-09-05,28.665792727999378,14958201738.923065,474162337.7009957,uniswap,uni,,,,
2021-09-06,29.311467400794093,15209137505.750956,427663408.8834084,uniswap,uni,,,,
2021-09-07,28.9857681418722,15099884141.550049,693745684.0444742,uniswap,uni,28.62,29.31,28.62,28.99
2021-09-08,24.3863918447837,12666014861.150581,1253299880.9540975,uniswap,uni,,,,
2021-09-09,23.22861441308951,12086066790.036985,769781310.3119571,uniswap,uni,,,,
2021-09-10,23.32336275031101,12160029204.92636,559191926.9142579,uniswap,uni,,,,
2021-09-11,22.239953599431,11542729782.078453,457902342.61321795,uniswap,uni,24.39,24.39,22.24,22.24
2021-09-12,22.700283175074414,11798032959.641006,321145858.24093807,uniswap,uni,,,,
2021-09-13,23.76869187716002,12383055974.262342,403802698.38031536,uniswap,uni,,,,
2021-09-14,22.771388719460557,11820309693.926575,444930553.3328914,uniswap,uni,,,,
2021-09-15,25.720757464694312,13398897666.149889,570879782.192722,uniswap,uni,22.7,25.72,22.7,25.72
2021-09-16,27.336005128349605,14240178335.679047,608722043.915363,uniswap,uni,,,,
2021-09-17,26.308136967057173,13659160597.02458,564251576.4125971,uniswap,uni,,,,
2021-09-18,24.259108602571118,12674179714.18533,433400713.3422504,uniswap,uni,,,,
2021-09-19,24.472819261661684,12709544325.478378,246937881.13616136,uniswap,uni,27.34,27.34,24.26,24.47
2021-09-20,23.90966517887373,12440989942.969387,214205298.33376074,uniswap,uni,,,,
2021-09-21,20.804334039491096,10765678763.924232,532993825.9955752,uniswap,uni,,,,
2021-09-22,18.890292091538726,9794322823.098135,495596372.6922228,uniswap,uni,,,,
2021-09-23,21.503103783527575,11154749131.830667,447596020.9366132,uniswap,uni,23.91,23.91,18.89,21.5
2021-09-24,21.550892752146577,11202622681.346418,262156345.59227794,uniswap,uni,,,,
2021-09-25,19.61618782407427,10234832653.054922,432897752.10196656,uniswap,uni,,,,
2021-09-26,19.5730661248006,10175032976.193539,265078098.44406733,uniswap,uni,,,,
2021-09-27,23.89103927141869,12335326028.85768,1583534191.8509574,uniswap,uni,21.55,23.89,19.57,23.89
2021-09-28,22.401602671180427,11705363838.061554,1066548559.201311,uniswap,uni,,,,
2021-09-29,22.92769637259505,11941770347.722538,1290304392.0435529,uniswap,uni,,,,
2021-09-30,23.027737869615603,11953447834.325663,780794940.0415272,uniswap,uni,22.4,23.03,22.4,23.03
2021-10-01,23.444191741619605,12160020538.521397,517424055.80485976,uniswap,uni,,,,
2021-10-02,25.649286449470036,13277805312.414595,700423037.2220021,uniswap,uni,,,,
2021-10-03,26.179755695964374,13605115540.597916,594393104.3635079,uniswap,uni,23.44,26.18,23.44,26.18
2021-10-04,26.04467964146302,13544155546.82248,343004136.67424315,uniswap,uni,,,,
2021-10-05,25.30198270800669,13186914971.83756,402599015.45757943,uniswap,uni,,,,
2021-10-06,25.68138434437301,13374376468.79977,375749110.0562405,uniswap,uni,,,,
2021-10-07,25.320647294586117,13161254609.740164,424072459.6737592,uniswap,uni,26.04,26.04,25.3,25.32
2021-10-08,25.58976334289405,13290767666.732708,374299517.9287694,uniswap,uni,,,,
2021-10-09,24.71668626322126,12877029267.88737,320602934.3428465,uniswap,uni,,,,
2021-10-10,25.188946781577314,13112639636.089043,246026272.24079916,uniswap,uni,,,,
2021-10-11,24.25958741977626,12596667450.01749,298370108.99057794,uniswap,uni,25.59,25.59,24.26,24.26
2021-10-12,24.173775112369412,12538232546.85345,272560317.22561675,uniswap,uni,,,,
2021-10-13,23.3974468484304,12176411994.978714,277583514.93383485,uniswap,uni,,,,
2021-10-14,24.659355079343797,12807967415.35932,612128286.424876,uniswap,uni,,,,
2021-10-15,26.287032072807154,13655956591.022598,463096854.76787454,uniswap,uni,24.17,26.29,23.4,26.29
2021-10-16,25.959057583396287,13469626951.61446,467610593.4761424,uniswap,uni,,,,
2021-10-17,27.115156511010372,14109694105.964958,490412060.36575466,uniswap,uni,,,,
2021-10-18,25.956708048552454,13517782444.022202,362912523.4963745,uniswap,uni,,,,
2021-10-19,25.45183909327181,13249316619.383533,381059639.28097886,uniswap,uni,25.96,27.12,25.45,25.45
2021-10-20,26.055926937919846,13521198538.479465,235616325.6185462,uniswap,uni,,,,
2021-10-21,27.061804141763936,14116940632.190317,282780675.53800875,uniswap,uni,,,,
2021-10-22,26.136095297178066,13620429173.75453,360470398.49380153,uniswap,uni,,,,
2021-10-23,25.737745960793273,13396792973.20243,316915450.5564987,uniswap,uni,26.06,27.06,25.74,25.74
2021-10-24,26.895967517648277,13991892055.482813,239143362.51760715,uniswap,uni,,,,
2021-10-25,25.902067523263014,13436193398.80736,233726870.8243837,uniswap,uni,,,,
2021-10-26,26.750025601213512,13876299668.889229,221176714.29690504,uniswap,uni,,,,
2021-10-27,26.57560130933984,13863398310.464426,519809746.0227959,uniswap,uni,26.9,26.9,25.9,26.58
2021-10-28,24.27394983657263,12621541966.392387,631783400.6071733,uniswap,uni,,,,
2021-10-29,24.93149288604943,12892763063.118904,404365417.4404958,uniswap,uni,,,,
2021-10-30,25.386267520044495,13216408015.20217,275110408.0008915,uniswap,uni,,,,
2021-10-31,24.86926669144443,12931601553.448347,174909252.06662568,uniswap,uni,24.27,25.39,24.27,24.87
2021-11-01,25.011298870406137,13016475092.944597,196887636.83941272,uniswap,uni,,,,
2021-11-02,25.684430663504198,13320068600.346914,325966171.10612214,uniswap,uni,,,,
2021-11-03,26.186411835532677,13613199661.370922,240004866.09131107,uniswap,uni,25.01,26.19,25.01,26.19
2021-11-04,26.820991603723186,13939660255.072443,432736108.73912287,uniswap,uni,,,,
2021-11-05,25.848940310613933,13332587493.122667,374650977.7138912,uniswap,uni,,,,
2021-11-06,25.66873466870404,13331260347.526468,279022815.7785823,uniswap,uni,,,,
2021-11-07,25.174340117666308,13076005779.500847,221034141.72072372,uniswap,uni,26.82,26.82,25.17,25.17
2021-11-08,25.417209638018548,13211821545.092915,142846713.19310066,uniswap,uni,,,,
2021-11-09,26.264021602674635,13725860573.632618,316870671.19881797,uniswap,uni,,,,
2021-11-10,26.394726357209127,13715816807.319756,491603513.1992169,uniswap,uni,,,,
2021-11-11,25.35358811562353,13136983216.709534,669815422.1928518,uniswap,uni,25.42,26.39,25.35,25.35
2021-11-12,25.499125965432686,13244138246.010714,297645670.53125006,uniswap,uni,,,,
2021-11-13,24.67103241828684,12791948273.388115,263284355.60103837,uniswap,uni,,,,
2021-11-14,24.754864235929144,12870930023.999826,151320123.18706572,uniswap,uni,,,,
2021-11-15,24.670772800228296,12760905804.825857,146910206.71877486,uniswap,uni,25.5,25.5,24.67,24.67
2021-11-16,24.087916667441473,10913264374.690987,229177550.953874,uniswap,uni,,,,
2021-11-17,21.806468653815546,9888225316.591719,476385159.5100474,uniswap,uni,,,,
2021-11-18,21.969649131520242,9889058522.679012,247906181.61374262,uniswap,uni,,,,
2021-11-19,20.05158583805857,9070582651.71532,294366411.0934441,uniswap,uni,24.09,24.09,20.05,20.05
2021-11-20,21.304314237857245,9610398035.361753,208319586.15252754,uniswap,uni,,,,
2021-11-21,22.084774165189376,9993833783.07725,176706364.5645827,uniswap,uni,,,,
2021-11-22,21.891278757622704,9948254980.979748,140874640.9469183,uniswap,uni,,,,
2021-11-23,21.009992507374793,9504718616.516567,273495206.091423,uniswap,uni,21.3,22.08,21.01,21.01
2021-11-24,22.21686894778159,10066987312.425707,239152711.74100003,uniswap,uni,,,,
2021-11-25,20.803458368586636,9416239526.669228,211810003.99384075,uniswap,uni,,,,
2021-11-26,21.358945729460117,9682038994.951204,212616477.46584344,uniswap,uni,,,,
2021-11-27,19.235845344059115,8723435955.020412,259627590.1347406,uniswap,uni,22.22,22.22,19.24,19.24
2021-11-28,19.391606140942276,8762994782.117992,136997332.621681,uniswap,uni,,,,
2021-11-29,20.153853948586786,9129278048.595253,230952471.64708793,uniswap,uni,,,,
2021-11-30,20.29900441101022,9207203592.374037,186503290.99447426,uniswap,uni,19.39,20.3,19.39,20.3
2021-12-01,21.13669846607353,9552390672.58735,265088533.7885257,uniswap,uni,,,,
2021-12-02,21.000235442858717,9510282840.83456,1442110523.8328638,uniswap,uni,,,,
2021-12-03,22.410591780861726,10179540979.144365,528379668.84629166,uniswap,uni,21.14,22.41,21.0,22.41
2021-12-04,20.00089128703292,9091030086.16253,350186791.9662855,uniswap,uni,,,,
2021-12-05,17.158542762267786,7744403218.243596,666558587.5187391,uniswap,uni,,,,
2021-12-06,16.502373313763545,7464310711.589789,252732765.0444307,uniswap,uni,,,,
2021-12-07,17.36494075887961,7864089526.276569,312164904.99461937,uniswap,uni,20.0,20.0,16.5,17.36
2021-12-08,17.182460282360324,7756283239.280649,248443038.0032914,uniswap,uni,,,,
2021-12-09,18.617777852630475,8420623180.051245,339747630.2110108,uniswap,uni,,,,
2021-12-10,16.29163597776951,7415821822.4717455,222285915.32513908,uniswap,uni,,,,
2021-12-11,15.21049069997762,6945579696.047356,224213820.00092262,uniswap,uni,17.18,18.62,15.21,15.21
2021-12-12,15.86968723476298,7188199474.414531,234184794.2909364,uniswap,uni,,,,
2021-12-13,15.995855683677975,7236036545.745928,117043567.16608891,uniswap,uni,,,,
2021-12-14,14.168878818136777,6405984609.041324,191162356.95425445,uniswap,uni,,,,
2021-12-15,14.975146635898753,6760600797.510072,154326906.40696946,uniswap,uni,15.87,16.0,14.17,14.98
2021-12-16,15.208929189148954,6873747914.790969,184226251.340373,uniswap,uni,,,,
2021-12-17,14.418605204408896,6509173367.275765,164456010.6876684,uniswap,uni,,,,
2021-12-18,14.995422443035723,6780760105.392688,173354577.4688836,uniswap,uni,,,,
2021-12-19,15.6035029794557,7079436114.854531,272350359.0339215,uniswap,uni,15.21,15.6,14.42,15.6
2021-12-20,14.959625340689453,6812863161.629472,163883727.8687343,uniswap,uni,,,,
2021-12-21,14.530517192162566,6611242460.677133,192997528.0838154,uniswap,uni,,,,
2021-12-22,15.092040775445797,6836206763.939692,122244219.32420419,uniswap,uni,,,,
2021-12-23,16.217342471774156,7300839750.974775,294587585.91815317,uniswap,uni,14.96,16.22,14.53,16.22
2021-12-24,18.192447300688,8254251151.597789,447561502.94980836,uniswap,uni,,,,
2021-12-25,17.505148846217573,7918724485.184883,290641060.3945436,uniswap,uni,,,,
2021-12-26,17.537060100939087,7945507642.388939,187727004.90565735,uniswap,uni,,,,
2021-12-27,18.676675766974135,8456341814.067242,297810185.67494124,uniswap,uni,18.19,18.68,17.51,18.68
2021-12-28,19.119611915933174,8696115030.120722,386293727.1779752,uniswap,uni,,,,
2021-12-29,18.466954809675723,8420176951.428101,546891039.1464801,uniswap,uni,,,,
2021-12-30,17.139968666548977,7671892844.642082,487610754.7416053,uniswap,uni,,,,
2021-12-31,17.788046793465686,8019700129.286913,267822524.47823623,uniswap,uni,19.12,19.12,17.14,17.79
2022-01-01,17.05830184651069,7753293078.668879,329523183.0561472,uniswap,uni,,,,
2022-01-02,17.501847838535845,7871351888.593128,193649960.12109536,uniswap,uni,,,,
2022-01-03,18.348436916562584,8343500803.632382,200986078.31763113,uniswap,uni,17.06,18.35,17.06,18.35
2022-01-04,18.438001548948492,8317395673.941978,349235836.40987164,uniswap,uni,,,,
2022-01-05,18.34947387011855,8379921295.02585,367529749.3567232,uniswap,uni,,,,
2022-01-06,17.262822629223788,7817771109.9296255,598856112.4889485,uniswap,uni,,,,
2022-01-07,17.112550442129038,7771888608.8541565,371135407.1952639,uniswap,uni,18.44,18.44,17.11,17.11
2022-01-08,15.79027176297993,7162044295.704788,342193383.9076947,uniswap,uni,,,,
2022-01-09,14.927288377919501,6790463199.234768,210466197.29423183,uniswap,uni,,,,
2022-01-10,15.823337635503357,7121755730.477916,187782680.85240766,uniswap,uni,,,,
2022-01-11,15.153966304360306,6860283160.319833,333262112.5922411,uniswap,uni,15.79,15.82,14.93,15.15
2022-01-12,15.97779568078496,7245529400.23944,244065462.98323056,uniswap,uni,,,,
2022-01-13,16.290485912012684,7388383969.861952,187540953.95189214,uniswap,uni,,,,
2022-01-14,15.52612016492403,7028508057.289675,197545035.8897999,uniswap,uni,,,,
2022-01-15,15.8994070060301,7150804294.586346,164792850.67984357,uniswap,uni,15.98,16.29,15.53,15.9
2022-01-16,16.51926189795963,7456401715.77056,172548231.7274185,uniswap,uni,,,,
2022-01-17,17.817398456993278,8061471199.847374,283876395.29941833,uniswap,uni,,,,
2022-01-18,16.67824658931984,7548770207.648419,228585499.62698308,uniswap,uni,,,,
2022-01-19,16.0275417539339,7261510283.540719,322581583.96439093,uniswap,uni,16.52,17.82,16.03,16.03
2022-01-20,15.227559180256545,6927607148.945237,177065025.7891576,uniswap,uni,,,,
2022-01-21,14.506779564061542,6594573194.418234,187145589.32718566,uniswap,uni,,,,
2022-01-22,12.686008497168798,5772334730.960954,317049832.75441504,uniswap,uni,,,,
2022-01-23,11.136930996808857,5017654024.921903,441031582.29041904,uniswap,uni,15.23,15.23,11.14,11.14
2022-01-24,11.45787883753577,5198687603.027313,252834532.7666554,uniswap,uni,,,,
2022-01-25,10.706164212693748,4853155187.423784,345513535.14553297,uniswap,uni,,,,
2022-01-26,10.6016952239072,4811642019.716672,146509053.0415314,uniswap,uni,,,,
2022-01-27,10.586966442085584,4813169166.37918,190402572.4705652,uniswap,uni,11.46,11.46,10.59,10.59
2022-01-28,10.354887538487832,4685739364.015536,222642076.97784084,uniswap,uni,,,,
2022-01-29,10.64818653341198,4821733206.321168,140599201.13813204,uniswap,uni,,,,
2022-01-30,11.160835080693072,5029897517.126268,140517292.4636067,uniswap,uni,,,,
2022-01-31,10.812983496148206,4891557632.007505,121674779.18687208,uniswap,uni,10.35,11.16,10.35,10.81
2022-02-01,11.821568758106157,5350103702.135525,188686362.69292253,uniswap,uni,,,,
2022-02-02,11.131706866519266,5081481681.628662,201198953.96225333,uniswap,uni,,,,
2022-02-03,10.527186084555577,4797674242.8635235,155703800.61764374,uniswap,uni,11.82,11.82,10.53,10.53
2022-02-04,10.37585211640912,4721507053.301103,145052882.76761064,uniswap,uni,,,,
2022-02-05,11.16271937446284,5051122013.318024,206975026.31835535,uniswap,uni,,,,
2022-02-06,11.27329712435244,5158545600.0009365,223355185.9222134,uniswap,uni,,,,
2022-02-07,11.672352622949472,5282571242.457044,139776285.46359187,uniswap,uni,10.38,11.67,10.38,11.67
2022-02-08,12.420315055798907,5701985420.204432,338109747.5841357,uniswap,uni,,,,
2022-02-09,11.975032782531308,5456125250.838112,298060077.8186966,uniswap,uni,,,,
2022-02-10,12.341530975173566,5637974827.683045,203745379.37944034,uniswap,uni,,,,
2022-02-11,11.466955084830381,5231067791.780671,217946924.1484444,uniswap,uni,12.42,12.42,11.47,11.47
2022-02-12,10.639600061772352,4839679349.986822,159487919.51773322,uniswap,uni,,,,
2022-02-13,10.631060675233787,4834121994.740909,118674741.92915803,uniswap,uni,,,,
2022-02-14,10.40167687026673,4745683194.2879095,100356151.11160272,uniswap,uni,,,,
2022-02-15,10.633201833377699,4857521464.93458,103155997.53266482,uniswap,uni,10.64,10.64,10.4,10.63
2022-02-16,11.457872478769238,5247839830.258367,144847656.4648082,uniswap,uni,,,,
2022-02-17,11.275430657190888,5182355554.16489,162316059.798238,uniswap,uni,,,,
2022-02-18,10.384682910361432,4738850792.654248,143764591.73775673,uniswap,uni,,,,
2022-02-19,10.188848988445855,4664136975.573783,278756735.6909444,uniswap,uni,11.46,11.46,10.19,10.19
2022-02-20,10.042087530766615,4578536050.050418,320490928.6926976,uniswap,uni,,,,
2022-02-21,9.372992760251742,4304788308.464038,226955309.62626088,uniswap,uni,,,,
2022-02-22,8.575630302435522,3920300517.890558,219848531.99416193,uniswap,uni,,,,
2022-02-23,8.885495196593787,4058842543.3751054,204967875.77835262,uniswap,uni,10.04,10.04,8.58,8.89
2022-02-24,8.796991216521429,4025018293.9636965,156268305.07420203,uniswap,uni,,,,
2022-02-25,8.826630645067649,4020537310.301049,320695697.72649723,uniswap,uni,,,,
2022-02-26,9.253796653291035,4237673500.2755446,167619274.40524194,uniswap,uni,,,,
2022-02-27,9.012953852573915,4107259774.6016736,125974287.46945135,uniswap,uni,8.8,9.25,8.8,9.01
2022-02-28,9.831894657903522,4478401196.315649,339481367.52301085,uniswap,uni,9.83,10.53,9.83,10.04
2022-03-01,10.525030747660848,4787537581.346277,341529733.9484143,uniswap,uni,,,,
2022-03-02,10.342881712205621,4714482329.881444,267936948.590012,uniswap,uni,,,,
2022-03-03,10.043152390513903,4576049355.918441,202766777.1092666,uniswap,uni,,,,
2022-03-04,9.55347753255036,4376770206.565952,146606100.28905657,uniswap,uni,,,,
2022-03-05,8.79532908289581,4025606412.3001933,150911972.45021883,uniswap,uni,,,,
2022-03-06,9.027803425756073,4110442815.9722443,111642726.49075088,uniswap,uni,,,,
2022-03-07,8.480805436031925,3874731289.728572,126572801.95996918,uniswap,uni,9.55,9.55,8.48,8.48
2022-03-08,8.331288430352368,3812712780.8547807,163558541.98425993,uniswap,uni,,,,
2022-03-09,8.831294622955216,4035386858.4241767,167043184.94718587,uniswap,uni,,,,
2022-03-10,9.19975901329359,4194225959.9891334,196495607.10922635,uniswap,uni,,,,
2022-03-11,8.678539792235188,3962379574.427554,164760251.56611413,uniswap,uni,8.33,9.2,8.33,8.68
2022-03-12,8.547459478634407,3915053739.951719,153854400.74473712,uniswap,uni,,,,
2022-03-13,8.491282470755426,3879549735.9610705,110647689.17694634,uniswap,uni,,,,
2022-03-14,8.18972381808795,3735854603.17436,101924400.69666795,uniswap,uni,,,,
2022-03-15,8.479568026782994,3870636331.3589215,127334053.13374445,uniswap,uni,8.55,8.55,8.19,8.48
2022-03-16,8.704165867026969,3983593852.336534,123839923.33120614,uniswap,uni,,,,
2022-03-17,9.094631529597489,4184960568.7826314,195345740.94933137,uniswap,uni,,,,
2022-03-18,9.229875962920401,4204808399.964854,151673394.35907906,uniswap,uni,,,,
2022-03-19,9.648556773082635,4405149546.824707,173550796.69008273,uniswap,uni,8.7,9.65,8.7,9.65
2022-03-20,9.701114346800242,4425351860.54216,240108370.14121893,uniswap,uni,,,,
2022-03-21,9.32121611899287,4256486480.5230384,153390474.48299477,uniswap,uni,,,,
2022-03-22,9.340437810217253,4241776802.904745,176215313.93668678,uniswap,uni,,,,
2022-03-23,9.754439051132483,4458552368.256108,235868859.8862974,uniswap,uni,9.7,9.75,9.32,9.75
2022-03-24,9.959023245120845,4538889445.363732,176500242.80752155,uniswap,uni,,,,
2022-03-25,10.756056740794612,4916324686.155008,248534317.08586955,uniswap,uni,,,,
2022-03-26,10.59594867132352,4834139133.941004,241682607.9178862,uniswap,uni,,,,
2022-03-27,10.590299176671197,4831873621.240823,131336479.91339953,uniswap,uni,9.96,10.76,9.96,10.59
2022-03-28,11.36912551184716,5187071219.785837,211625094.50361976,uniswap,uni,,,,
2022-03-29,10.905331187795923,5035856922.383954,276939594.787252,uniswap,uni,,,,
2022-03-30,11.235609339077042,5128474101.903624,292037060.0525693,uniswap,uni,,,,
2022-03-31,11.723972479629662,5371278314.605804,341394902.58277303,uniswap,uni,11.37,11.72,10.91,11.72
2022-04-01,11.273916790342348,5113517891.073793,411807353.2931195,uniswap,uni,,,,
2022-04-02,11.561870189207653,5274434746.579509,317202808.29444736,uniswap,uni,,,,
2022-04-03,11.641440983466449,5356540270.200389,325152865.2463068,uniswap,uni,11.27,11.64,11.27,11.64
2022-04-04,11.840640165823816,5397825242.733619,255464050.99341494,uniswap,uni,,,,
2022-04-05,11.514511858623413,5245982095.301616,298104491.495006,uniswap,uni,,,,
2022-04-06,11.121389726901944,5097265687.918117,198454846.53311127,uniswap,uni,,,,
2022-04-07,9.958215434995202,4574274288.348962,259628205.591478,uniswap,uni,11.84,11.84,9.96,9.96
2022-04-08,10.50879462071014,4801989903.250153,173246571.47927883,uniswap,uni,,,,
2022-04-09,9.70001578202308,4411239545.1249695,170605232.63379654,uniswap,uni,,,,
2022-04-10,10.061683612231342,4592010164.481435,141330229.9242992,uniswap,uni,,,,
2022-04-11,9.899916003377163,4554458781.281416,129232414.95120221,uniswap,uni,10.51,10.51,9.7,9.9
2022-04-12,8.97334692774228,4108833899.3789945,196401823.44663894,uniswap,uni,,,,
2022-04-13,9.338132942483872,4258624291.0815225,154454554.0060409,uniswap,uni,,,,
2022-04-14,9.669931169849665,4417528136.223829,173476317.4550886,uniswap,uni,,,,
2022-04-15,9.480959756074112,4332695040.341895,241774505.6341256,uniswap,uni,8.97,9.67,8.97,9.48
2022-04-16,9.782725248147651,4464839715.595794,212769873.7445336,uniswap,uni,,,,
2022-04-17,9.681017668747264,4420026618.365196,123148473.38237214,uniswap,uni,,,,
2022-04-18,9.248984012533617,4210176506.8919177,108728932.05616748,uniswap,uni,,,,
2022-04-19,9.408531797888667,4284331897.210475,190254311.91027102,uniswap,uni,9.78,9.78,9.25,9.41
2022-04-20,9.542325418552261,4355102439.108299,184917575.47011477,uniswap,uni,,,,
2022-04-21,9.31565527349184,4249790881.919595,228786826.19602737,uniswap,uni,,,,
2022-04-22,8.854250696565396,4036339289.5998187,269622259.59249705,uniswap,uni,,,,
2022-04-23,8.914595923843425,4062047232.8331885,235387003.6082136,uniswap,uni,9.54,9.54,8.85,8.91
2022-04-24,8.92756022046748,4089790091.8392262,198552473.5170905,uniswap,uni,,,,
2022-04-25,8.708833045879937,3986891472.1637936,146677989.0901207,uniswap,uni,,,,
2022-04-26,8.748473414451308,3993084205.0305014,187117186.9427658,uniswap,uni,,,,
2022-04-27,7.989289101125338,3644347510.9572425,145441709.45052564,uniswap,uni,8.93,8.93,7.99,7.99
2022-04-28,8.208366291126188,3745292827.8910937,125434522.90553276,uniswap,uni,,,,
2022-04-29,8.159683772882001,3723644917.506213,130543645.5100539,uniswap,uni,,,,
2022-04-30,7.631518579426889,3484938981.1340513,163917976.32224727,uniswap,uni,8.21,8.21,7.63,7.63
2022-05-01,6.797648835249359,3102491916.639066,172927933.8320396,uniswap,uni,,,,
2022-05-02,7.128141302793755,3254761881.6529202,179026086.7847157,uniswap,uni,,,,
2022-05-03,6.943098533196583,3172746796.58764,137409676.82355812,uniswap,uni,6.8,7.13,6.8,6.94
2022-05-04,6.859513750837496,3129667065.4508405,121995280.32948676,uniswap,uni,,,,
2022-05-05,7.967551131287762,3630133118.8537292,205861823.5495361,uniswap,uni,,,,
2022-05-06,7.333328468495086,3333194180.734084,213334177.89321706,uniswap,uni,,,,
2022-05-07,7.629119192993809,3483253624.870725,215152378.03268862,uniswap,uni,6.86,7.97,6.86,7.63
2022-05-08,7.192052219084856,3289505348.971894,214880501.59788293,uniswap,uni,,,,
2022-05-09,7.103723824784541,3249417427.6207275,187047484.56010005,uniswap,uni,,,,
2022-05-10,6.028475447233021,2779604665.6080413,300454510.050868,uniswap,uni,,,,
2022-05-11,6.065574442691099,2766560088.0572615,300253201.50196445,uniswap,uni,7.19,7.19,6.03,6.07
2022-05-12,4.865179130268883,2231130704.7249503,418461145.8330321,uniswap,uni,,,,
2022-05-13,4.682426161647365,2160254656.6190715,291692043.75473946,uniswap,uni,,,,
2022-05-14,5.081028180473558,2310355264.678907,176479881.51784235,uniswap,uni,,,,
2022-05-15,5.196500559588547,2370053323.7891383,153557763.4741943,uniswap,uni,4.87,5.2,4.68,5.2
2022-05-16,5.448514899153683,2483831971.813869,141912477.8925957,uniswap,uni,,,,
2022-05-17,5.044071874021496,2304277543.094121,141209299.0171937,uniswap,uni,,,,
2022-05-18,5.488522943509913,2503550357.157436,145869807.6904334,uniswap,uni,,,,
2022-05-19,4.889554713303301,2233139018.796584,126666412.53239416,uniswap,uni,5.45,5.49,4.89,4.89
2022-05-20,5.196582889899486,2372592744.037563,136719783.05882594,uniswap,uni,,,,
2022-05-21,5.1133478977269196,2334568902.256062,146065626.23914576,uniswap,uni,,,,
2022-05-22,5.2545475621497895,2398287637.3256283,103437975.0501693,uniswap,uni,,,,
2022-05-23,5.512927698138637,2521147054.2102375,109062718.26581852,uniswap,uni,5.2,5.51,5.11,5.51
2022-05-24,5.624137432668483,2565164296.739303,184248874.317606,uniswap,uni,,,,
2022-05-25,5.59727775141041,2554018625.184302,165675098.31074482,uniswap,uni,,,,
2022-05-26,5.617416101481032,2568869893.1616225,141052195.6227811,uniswap,uni,,,,
2022-05-27,4.975035292927397,2272151482.0193634,175348015.58136055,uniswap,uni,5.62,5.62,4.98,4.98
2022-05-28,4.674746833242666,2128185856.602611,181374274.08139843,uniswap,uni,,,,
2022-05-29,4.994720792959564,2285350463.027301,102210398.18530162,uniswap,uni,,,,
2022-05-30,4.947217052644926,2257235918.9402194,92444516.51259902,uniswap,uni,,,,
2022-05-31,5.646552310207259,2577478218.438251,150485459.08361638,uniswap,uni,4.67,5.65,4.67,5.65
2022-06-01,5.6982071980594755,2608012124.7952547,143079299.72859225,uniswap,uni,,,,
2022-06-02,5.163742402199935,2366107700.3767233,138342965.54125816,uniswap,uni,,,,
2022-06-03,5.314722540022476,2430594073.346453,110774955.14161678,uniswap,uni,5.7,5.7,5.16,5.31
2022-06-04,5.072534909335424,2311317081.659861,88557850.55571747,uniswap,uni,,,,
2022-06-05,5.130145770737965,2331778655.2070765,80433276.65345566,uniswap,uni,,,,
2022-06-06,5.095311658443449,2326013451.6792603,79836168.00690593,uniswap,uni,,,,
2022-06-07,5.374565248327553,2430474809.7473936,109534290.27984285,uniswap,uni,5.07,5.37,5.07,5.37
2022-06-08,5.258954948632062,2407250762.423074,143877951.66164538,uniswap,uni,,,,
2022-06-09,5.077872757592375,2320764184.896532,111655416.75302458,uniswap,uni,,,,
2022-06-10,5.201505099547337,2378244367.9540763,88900079.86794302,uniswap,uni,,,,
2022-06-11,4.814774973245526,2194354193.3117547,96818301.65469491,uniswap,uni,5.26,5.26,4.81,4.81
2022-06-12,4.366809131474856,1993951073.4803374,102739259.53982706,uniswap,uni,,,,
2022-06-13,4.11755474633016,1897060921.795877,105134092.76852797,uniswap,uni,,,,
2022-06-14,3.6055288524294844,1635283476.774644,161572713.91440386,uniswap,uni,,,,
2022-06-15,3.9019400542929983,1781552368.258051,123495616.89617488,uniswap,uni,4.37,4.37,3.61,3.9
2022-06-16,4.3915074738203534,2005655089.0543613,162579356.7088333,uniswap,uni,,,,
2022-06-17,3.8332233006204928,1741778375.6754208,124639922.9546837,uniswap,uni,,,,
2022-06-18,3.949137577237492,1811446896.8442,85862926.30287446,uniswap,uni,,,,
2022-06-19,3.650215234803636,1665428166.3442647,118449601.07982692,uniswap,uni,4.39,4.39,3.65,3.65
2022-06-20,4.174484368010058,1907863859.528442,119436136.61716111,uniswap,uni,,,,
2022-06-21,4.312163531249892,1957253572.1901767,125206165.09847249,uniswap,uni,,,,
2022-06-22,4.74920664818641,2169119974.8405356,176542889.57881597,uniswap,uni,,,,
2022-06-23,5.017461831440449,2290499197.9077144,247997409.92539543,uniswap,uni,4.17,5.02,4.17,5.02
2022-06-24,5.630104483601156,2567950758.3850565,191955638.0092547,uniswap,uni,,,,
2022-06-25,5.508927136140834,2526544170.0926676,157050225.2152059,uniswap,uni,,,,
2022-06-26,5.629471741883889,2575547874.748558,110462241.36716096,uniswap,uni,,,,
2022-06-27,5.607490144844299,2569357370.8853774,137419403.3474657,uniswap,uni,5.63,5.63,5.51,5.61
2022-06-28,5.338196410728705,2436652532.2592897,118781835.62399021,uniswap,uni,,,,
2022-06-29,4.907910357381373,2234493683.836119,110948605.83787496,uniswap,uni,,,,
2022-06-30,5.091088447421844,2328717821.501313,136088130.2007749,uniswap,uni,5.34,5.34,4.91,5.09
2022-07-01,4.918530168110173,2215983426.153656,146684755.4177425,uniswap,uni,,,,
2022-07-02,4.867836453186656,2242111814.8058767,121090953.69121864,uniswap,uni,,,,
2022-07-03,4.919960847575498,2244933279.955148,109168680.00323014,uniswap,uni,4.92,4.92,4.87,4.92
2022-07-04,4.9204332968295255,2245233199.8773103,80839854.46775879,uniswap,uni,,,,
2022-07-05,5.273515888103023,2399880140.0534306,85316805.363794,uniswap,uni,,,,
2022-07-06,5.311673527886629,2428327365.7777123,114939604.02607225,uniswap,uni,,,,
2022-07-07,5.356435551139787,2448794351.532313,119463852.88512047,uniswap,uni,4.92,5.36,4.92,5.36
2022-07-08,5.7519897577916685,2631559059.7796893,115103631.85988162,uniswap,uni,,,,
2022-07-09,5.853430160369747,2685487137.185173,136984574.37986976,uniswap,uni,,,,
2022-07-10,6.473935896041253,2960165941.0797153,185530913.19583526,uniswap,uni,,,,
2022-07-11,6.25560320825146,2855617702.45701,158964823.05410635,uniswap,uni,5.75,6.47,5.75,6.26
2022-07-12,5.5719837731417865,2546480948.572529,219094068.7751106,uniswap,uni,,,,
2022-07-13,5.5631050329976235,2564727486.0070653,214504875.28633222,uniswap,uni,,,,
2022-07-14,6.119881081521769,2786677617.134467,230293018.42462453,uniswap,uni,,,,
2022-07-15,6.991544177890516,3204133462.4507637,427487098.36336213,uniswap,uni,5.57,6.99,5.56,6.99
2022-07-16,6.797084793149021,3102356709.024673,239457373.58571586,uniswap,uni,,,,
2022-07-17,7.365305150839427,3362308427.8581576,222594177.61584088,uniswap,uni,,,,
2022-07-18,6.983129332537576,3203953491.623544,144574732.06138963,uniswap,uni,,,,
2022-07-19,7.327318978455757,3331415856.6639957,235640563.74255952,uniswap,uni,6.8,7.37,6.8,7.33
2022-07-20,7.334480007361536,3347415397.960539,295890996.99432373,uniswap,uni,,,,
2022-07-21,6.892589113584868,3151059066.7718606,246626565.09647003,uniswap,uni,,,,
2022-07-22,7.208311024883269,3297766135.488768,209512657.8879522,uniswap,uni,,,,
2022-07-23,6.902376937073651,3146249214.0407686,154075868.42237002,uniswap,uni,7.33,7.33,6.89,6.9
2022-07-24,6.994807073310117,3191012712.9601526,141534247.23314434,uniswap,uni,,,,
2022-07-25,7.225943171668019,3306860208.3927784,139282701.07177854,uniswap,uni,,,,
2022-07-26,7.1339548669178905,3285006360.981979,297788220.0890492,uniswap,uni,,,,
2022-07-27,6.629252238662185,3014804316.3849792,224154240.5240415,uniswap,uni,6.99,7.23,6.63,6.63
2022-07-28,8.038194232876299,3678876652.249352,359156616.87656766,uniswap,uni,,,,
2022-07-29,9.256365790122306,4232153605.4024854,593872758.0076154,uniswap,uni,,,,
2022-07-30,8.991849966815042,4145467056.7907515,384673097.20325434,uniswap,uni,,,,
2022-07-31,8.765900906414968,4001542452.9042954,254019713.4917234,uniswap,uni,8.04,9.26,8.04,8.77
2022-08-01,8.412465353817291,3845847929.9502387,272602890.912076,uniswap,uni,,,,
2022-08-02,8.377634718176601,3815484195.1692963,201005819.65928683,uniswap,uni,,,,
2022-08-03,8.350359333454819,3837897818.8706093,284705561.5946138,uniswap,uni,8.41,8.41,8.35,8.35
2022-08-04,8.985543555178575,4133901493.526588,320199182.75512815,uniswap,uni,,,,
2022-08-05,8.863029602350684,4030756422.2666264,216526016.96338156,uniswap,uni,,,,
2022-08-06,8.91941521413069,4065885764.1679626,173692266.2599186,uniswap,uni,,,,
2022-08-07,8.790799894684914,4022743106.3194485,108882359.58501557,uniswap,uni,8.99,8.99,8.79,8.79
2022-08-08,8.79103911445304,4009261907.3187037,83745604.8701111,uniswap,uni,,,,
2022-08-09,8.797866248927201,4023057671.2001696,150503728.1624533,uniswap,uni,,,,
2022-08-10,8.465852753152125,3860658584.3291473,147778914.76458746,uniswap,uni,,,,
2022-08-11,9.200482237789382,4196736467.518332,195432734.72839737,uniswap,uni,8.79,9.2,8.47,9.2
2022-08-12,8.953902223548052,4089900553.696451,195006502.5798943,uniswap,uni,,,,
2022-08-13,9.231492767101333,4190990117.6300583,131774403.01577024,uniswap,uni,,,,
2022-08-14,8.992172963561977,4105231516.764822,121406782.66482568,uniswap,uni,,,,
2022-08-15,8.86802401995703,4048858035.377188,169823329.35512137,uniswap,uni,8.95,9.23,8.87,8.87
2022-08-16,8.487596374012835,3870731351.212564,171830546.06584132,uniswap,uni,,,,
2022-08-17,8.358089343613347,3806961894.7399244,145540639.56498542,uniswap,uni,,,,
2022-08-18,7.951894537329147,3629095690.349547,141829687.99111882,uniswap,uni,,,,
2022-08-19,7.614274031549917,3486610728.542949,131674854.23955394,uniswap,uni,8.49,8.49,7.61,7.61
2022-08-20,6.911861541755634,3144755426.385566,194398388.05793324,uniswap,uni,,,,
2022-08-21,7.018483200631411,3198136658.43187,117242717.66195308,uniswap,uni,,,,
2022-08-22,7.238980058592153,3310168836.6166897,107277114.98041654,uniswap,uni,,,,
2022-08-23,6.9790200055324725,3176263345.6732116,149551841.46980554,uniswap,uni,6.91,7.24,6.91,6.98
2022-08-24,7.131990486212586,3253049640.7882004,126686984.91119508,uniswap,uni,,,,
2022-08-25,7.0464088366213415,3215622229.1014767,110190545.68405297,uniswap,uni,,,,
2022-08-26,7.03369981739673,3215555578.998428,106338723.24209042,uniswap,uni,,,,
2022-08-27,6.133331977148247,2786909804.559747,163172295.37330094,uniswap,uni,7.13,7.13,6.13,6.13
2022-08-28,6.073437821543046,2773082373.537217,104639961.14573488,uniswap,uni,,,,
2022-08-29,5.764991997558599,2635501972.9769325,95356004.40547784,uniswap,uni,,,,
2022-08-30,6.350542520532632,2907515708.3495407,107904269.76169509,uniswap,uni,,,,
2022-08-31,6.163301475217598,2819948140.616467,105976938.53303415,uniswap,uni,6.07,6.35,5.76,6.16
2022-09-01,6.125115168853497,2793283428.62159,134215320.95428367,uniswap,uni,,,,
2022-09-02,6.332898275403515,2888832071.1322165,94232693.13504863,uniswap,uni,,,,
2022-09-03,6.38235738167703,2912133138.490429,101417652.1941877,uniswap,uni,6.13,6.38,6.13,6.38
2022-09-04,6.296323117846643,2877101942.5088115,53443312.9656485,uniswap,uni,,,,
2022-09-05,6.465545230152428,2950417551.1066465,69153556.16203214,uniswap,uni,,,,
2022-09-06,6.58018468352766,3024417794.4278426,98151322.7948251,uniswap,uni,,,,
2022-09-07,5.848429846645117,4410086495.421912,132935144.00974947,uniswap,uni,6.3,6.58,5.85,5.85
2022-09-08,6.128322519627089,4637926924.556039,91858250.1097922,uniswap,uni,,,,
2022-09-09,6.172504175094315,4649226277.368335,91120882.90813552,uniswap,uni,,,,
2022-09-10,6.498559738461215,4906096677.896451,147428056.83881712,uniswap,uni,,,,
2022-09-11,6.670928651690835,5025137963.200916,118407901.3653863,uniswap,uni,6.13,6.67,6.13,6.67
2022-09-12,6.485539387977393,4886424649.044754,103097539.80054569,uniswap,uni,,,,
2022-09-13,6.640459100458256,4999751544.587105,153618941.5561403,uniswap,uni,,,,
2022-09-14,6.042731255902864,4561491579.432594,128701413.60901722,uniswap,uni,,,,
2022-09-15,6.2030482580103845,4660618941.02644,93596153.3633857,uniswap,uni,6.49,6.64,6.04,6.2
2022-09-16,5.875800521107098,4438359067.07736,108654631.2295326,uniswap,uni,,,,
2022-09-17,5.809428027599671,4378676491.532915,68111313.31958322,uniswap,uni,,,,
2022-09-18,6.030038463664074,4543186169.515078,62616604.36945425,uniswap,uni,,,,
2022-09-19,5.4686230260594275,4135201501.9601474,80474947.35315666,uniswap,uni,5.88,6.03,5.47,5.47
2022-09-20,5.483130973870283,4143772649.845364,100185619.41594066,uniswap,uni,,,,
2022-09-21,5.296145552494316,3998178209.933585,71294879.91925144,uniswap,uni,,,,
2022-09-22,5.366569737317176,4035010356.3431234,108538004.59929575,uniswap,uni,,,,
2022-09-23,5.750867462819149,4333435262.240132,106188160.18727766,uniswap,uni,5.48,5.75,5.3,5.75
2022-09-24,5.9219147365361895,4484574254.805922,106787099.70723721,uniswap,uni,,,,
2022-09-25,5.797004572005534,4369588814.824373,72775258.09711422,uniswap,uni,,,,
2022-09-26,5.665178060404816,4261519782.2683682,64317107.67600176,uniswap,uni,,,,
2022-09-27,5.912863374636419,4443884657.095913,113057951.73849376,uniswap,uni,5.92,5.92,5.67,5.91
2022-09-28,6.392926808485947,4822931998.435526,227458444.80420014,uniswap,uni,,,,
2022-09-29,6.571668275775113,4955322884.841404,168195462.43595877,uniswap,uni,,,,
2022-09-30,6.366893069445051,4799652346.680209,120959299.86323705,uniswap,uni,6.39,6.57,6.37,6.37
2022-10-01,6.449789651318068,4860601042.926826,158714828.64574334,uniswap,uni,,,,
2022-10-02,6.399746772547099,4823140320.8635645,94829934.01969229,uniswap,uni,,,,
2022-10-03,6.253461921699589,4725134304.930617,135060189.68133292,uniswap,uni,6.45,6.45,6.25,6.25
2022-10-04,6.6409760475762445,5014935117.615237,161864706.93747154,uniswap,uni,,,,
2022-10-05,6.654146001154844,5020100137.51724,166658973.04613245,uniswap,uni,,,,
2022-10-06,6.795147586410538,5119652288.056191,106455819.58988123,uniswap,uni,,,,
2022-10-07,6.864872449725943,5178407294.507345,144315494.55938753,uniswap,uni,6.64,6.86,6.64,6.86
2022-10-08,6.753943368440368,5086229249.260882,136193573.6349079,uniswap,uni,,,,
2022-10-09,6.515069127497363,4911460994.305966,71466320.97269987,uniswap,uni,,,,
2022-10-10,6.6305365180246145,4986924384.046281,59114393.032297924,uniswap,uni,,,,
2022-10-11,6.4012184229747975,4813719788.1699,80774928.97245811,uniswap,uni,6.75,6.75,6.4,6.4
2022-10-12,5.986531541881004,4509618832.568811,107677360.85662068,uniswap,uni,,,,
2022-10-13,6.0587182276260085,4568938391.425436,65133312.18623727,uniswap,uni,,,,
2022-10-14,6.134284643401114,4623754177.013012,189175947.28956205,uniswap,uni,,,,
2022-10-15,6.30005368466895,4760731137.776821,146364641.50268418,uniswap,uni,5.99,6.3,5.99,6.3
2022-10-16,6.04482442888401,4557244724.786425,67132673.59495027,uniswap,uni,,,,
2022-10-17,6.10387321178815,4598676113.326317,55530512.6520336,uniswap,uni,,,,
2022-10-18,6.411170647432015,4828685697.007588,84220709.82577284,uniswap,uni,,,,
2022-10-19,6.540104832088629,4936156273.154763,129146209.49989708,uniswap,uni,6.04,6.54,6.04,6.54
2022-10-20,6.596896777870538,4955180899.075148,178212735.29441246,uniswap,uni,,,,
2022-10-21,6.086067562915669,4591490887.285317,156258200.55092138,uniswap,uni,,,,
2022-10-22,6.031616745696729,4533125984.707485,184700005.1092032,uniswap,uni,,,,
2022-10-23,6.091262338274946,4590343042.700932,77129897.86718656,uniswap,uni,6.6,6.6,6.03,6.09
2022-10-24,6.28737757633336,4733498801.730078,99192654.67104685,uniswap,uni,,,,
2022-10-25,6.134578583566461,4618545541.217412,104407046.88744636,uniswap,uni,,,,
2022-10-26,6.572516530111744,4950636963.345613,157895679.42817828,uniswap,uni,,,,
2022-10-27,6.719826319175614,5062240014.468626,156810503.5751189,uniswap,uni,6.29,6.72,6.13,6.72
2022-10-28,6.830931610112703,5160129016.085454,231523100.10429376,uniswap,uni,,,,
2022-10-29,6.871135837687884,5173563934.134061,259430120.06403166,uniswap,uni,,,,
2022-10-30,7.070248424944524,5317522718.360287,228460341.59612802,uniswap,uni,,,,
2022-10-31,6.900161241443228,5195567237.446771,171266477.52887878,uniswap,uni,6.83,7.07,6.83,6.9
2022-11-01,6.973267146791797,5245239506.658086,155703577.4265553,uniswap,uni,,,,
2022-11-02,7.126841470605075,5375258887.219984,222242359.2910008,uniswap,uni,,,,
2022-11-03,7.097751966036811,5351315424.37054,249912512.17392603,uniswap,uni,6.97,7.13,6.97,7.1
2022-11-04,6.931824541663171,5216773780.395424,215877174.28522786,uniswap,uni,,,,
2022-11-05,7.536891047031909,5672097328.895453,298751768.41331035,uniswap,uni,,,,
2022-11-06,7.685619212659444,5811914190.814124,206669261.73811632,uniswap,uni,,,,
2022-11-07,7.077442954119303,5349861013.427424,172696407.77044493,uniswap,uni,6.93,7.69,6.93,7.08
2022-11-08,7.011834984600807,5278342715.528714,286058164.9913443,uniswap,uni,,,,
2022-11-09,6.058522969009832,4595361546.702121,387410178.28844416,uniswap,uni,,,,
2022-11-10,4.852348641006599,3662750561.4757123,305501409.60559636,uniswap,uni,,,,
2022-11-11,5.7614677235989085,4335997316.158445,309805549.20692074,uniswap,uni,7.01,7.01,4.85,5.76
2022-11-12,6.115676589436729,4535346870.409862,264148815.88289696,uniswap,uni,,,,
2022-11-13,5.54387568666794,4167838210.407343,242222876.60308167,uniswap,uni,,,,
2022-11-14,5.826857975211335,4351154810.054022,234866484.69419807,uniswap,uni,,,,
2022-11-15,6.071890571471863,4586662908.314141,209308154.2844806,uniswap,uni,6.12,6.12,5.54,6.07
2022-11-16,6.292715850580665,4746335341.889519,174099282.70583573,uniswap,uni,,,,
2022-11-17,5.973992823452979,4489495044.916041,124292419.22975114,uniswap,uni,,,,
2022-11-18,5.743560841508234,4334500340.676594,85678707.04914345,uniswap,uni,,,,
2022-11-19,5.851385996772919,4404388901.78971,95781461.1918154,uniswap,uni,6.29,6.29,5.74,5.85
2022-11-20,5.767886969354576,4349855236.526934,64827819.201040134,uniswap,uni,,,,
2022-11-21,5.440128154967822,4101158227.716471,75519789.68864788,uniswap,uni,,,,
2022-11-22,5.197532276024897,3908735642.681003,138486879.58190128,uniswap,uni,,,,
2022-11-23,5.2797840184310925,3994409560.3907714,151639095.51117373,uniswap,uni,5.77,5.77,5.2,5.28
2022-11-24,5.493320142138577,4156239318.6230745,109211920.91705221,uniswap,uni,,,,
2022-11-25,5.451225943148054,4105196579.1634164,81025801.71001168,uniswap,uni,,,,
2022-11-26,5.415623603275854,4086896072.724891,90145065.27516909,uniswap,uni,,,,
2022-11-27,5.412829847064596,4076996629.978301,95357496.24874334,uniswap,uni,5.49,5.49,5.41,5.41
2022-11-28,5.408027820774965,4087542754.429011,65789199.78547693,uniswap,uni,,,,
2022-11-29,5.297633053860745,3993012537.9204254,75442476.7631252,uniswap,uni,,,,
2022-11-30,5.464484221894646,4124476225.1785235,65495410.030420184,uniswap,uni,5.41,5.46,5.3,5.46
2022-12-01,5.882552304312485,4439327368.465463,150433333.60032076,uniswap,uni,,,,
2022-12-02,5.888900528962114,4434128710.549324,111109736.36136433,uniswap,uni,,,,
2022-12-03,6.335947441103496,4766102165.587983,171245639.54493967,uniswap,uni,5.88,6.34,5.88,6.34
2022-12-04,6.102891886890248,4613353094.132692,106218617.00568841,uniswap,uni,,,,
2022-12-05,6.278590467868176,4733927906.961663,67613000.01333992,uniswap,uni,,,,
2022-12-06,6.180378214803869,4657393065.086532,94159417.10519522,uniswap,uni,,,,
2022-12-07,6.179808491466686,4647142734.333487,76895911.03361364,uniswap,uni,6.1,6.28,6.1,6.18
2022-12-08,6.023331445114929,4545496178.708692,80286654.61916253,uniswap,uni,,,,
2022-12-09,6.180169804659711,4655389318.21514,82644954.34137882,uniswap,uni,,,,
2022-12-10,6.158734964956006,4635942273.740534,80223057.01293229,uniswap,uni,,,,
2022-12-11,6.070375482395842,4575833245.840452,39926476.7430024,uniswap,uni,6.02,6.18,6.02,6.07
2022-12-12,5.926524766395477,4462896141.216207,46283126.57696332,uniswap,uni,,,,
2022-12-13,5.9226557759099405,4463084986.402193,64069582.4392402,uniswap,uni,,,,
2022-12-14,6.089239044968137,4589431873.134235,93028749.8355626,uniswap,uni,,,,
2022-12-15,5.915107420220311,4461372498.76887,88518069.74242969,uniswap,uni,5.93,6.09,5.92,5.92
2022-12-16,5.786407077224275,4370544567.691772,91776086.4054852,uniswap,uni,,,,
2022-12-17,5.296617847237674,3988210097.943355,112636835.82925606,uniswap,uni,,,,
2022-12-18,5.396114690110507,4073089144.0734463,81505435.82070029,uniswap,uni,,,,
2022-12-19,5.326501373647668,4034944952.6973896,34810559.44791612,uniswap,uni,5.79,5.79,5.3,5.33
2022-12-20,5.092643829728147,3843080447.7772746,60677734.16190145,uniswap,uni,,,,
2022-12-21,5.355466152157143,4037769710.9553847,53834829.070261486,uniswap,uni,,,,
2022-12-22,5.311116117485838,4000278734.0502133,44342462.62525909,uniswap,uni,,,,
2022-12-23,5.357034381676085,4029684866.7154727,53273082.46483072,uniswap,uni,5.09,5.36,5.09,5.36
2022-12-24,5.263563474799354,3958039591.0984626,54604584.53296351,uniswap,uni,,,,
2022-12-25,5.201876566883033,3924595426.222731,38279664.801380046,uniswap,uni,,,,
2022-12-26,5.153709467509256,3882946821.94123,50213295.913799934,uniswap,uni,,,,
2022-12-27,5.194501546132063,3913981564.1677356,46975506.2579235,uniswap,uni,5.26,5.26,5.15,5.19
2022-12-28,5.1757430539121705,3896911038.859704,46721930.661511764,uniswap,uni,,,,
2022-12-29,4.968427091591303,3745457158.9652133,67181433.09385264,uniswap,uni,,,,
2022-12-30,5.047992763494686,3811069733.0296283,52976628.776065886,uniswap,uni,,,,
2022-12-31,5.09081436493766,3840064032.15621,42294069.35497709,uniswap,uni,5.18,5.18,4.97,5.09
2023-01-01,5.164234348809018,3894646728.7911425,37403132.7004158,uniswap,uni,,,,
2023-01-02,5.242481069193306,3955247365.825856,30977111.614867438,uniswap,uni,,,,
2023-01-03,5.368474188191352,4043865165.497167,78224577.31704631,uniswap,uni,5.16,5.37,5.16,5.37
2023-01-04,5.38408998750549,4060855474.905757,53110050.262721,uniswap,uni,,,,
2023-01-05,5.526428769984235,4160810021.189741,80075378.93985194,uniswap,uni,,,,
2023-01-06,5.370545995499784,4048183386.550157,47787838.01262789,uniswap,uni,,,,
2023-01-07,5.52275196995305,4166848627.1290574,51596893.92861402,uniswap,uni,5.38,5.53,5.37,5.52
2023-01-08,5.4199946976091855,4082582779.1746063,36819040.666090734,uniswap,uni,,,,
2023-01-09,5.563283996499086,4182344512.7225814,42282403.846038416,uniswap,uni,,,,
2023-01-10,5.7992141352811455,4371733711.1092825,100661016.9700876,uniswap,uni,,,,
2023-01-11,5.785740944530155,4358105743.054102,76581700.90494724,uniswap,uni,5.42,5.8,5.42,5.79
2023-01-12,5.929057816881572,4468043464.204826,76403883.6532684,uniswap,uni,,,,
2023-01-13,6.173137912420338,4650896016.426076,149298801.74787396,uniswap,uni,,,,
2023-01-14,6.295797342332454,4746241777.987224,115527931.79585062,uniswap,uni,,,,
2023-01-15,6.645678659993008,5008983094.608986,273871200.14506716,uniswap,uni,5.93,6.65,5.93,6.65
2023-01-16,6.586911096155631,4959404092.229254,124760426.82286668,uniswap,uni,,,,
2023-01-17,6.540456659667611,4928124766.807209,144423520.25296834,uniswap,uni,,,,
2023-01-18,6.350900007963674,4783959452.712659,112992669.74447821,uniswap,uni,,,,
2023-01-19,6.059122543199947,4570052276.791898,243950438.16776207,uniswap,uni,6.59,6.59,6.06,6.06
2023-01-20,6.15160070472073,4635310740.768301,86500898.72406118,uniswap,uni,,,,
2023-01-21,6.6894122891480565,5021405923.925657,99356132.4799061,uniswap,uni,,,,
2023-01-22,6.662915649818232,5019596977.933527,145286748.54093868,uniswap,uni,,,,
2023-01-23,6.908366418037315,5211773831.240735,196742294.78187212,uniswap,uni,6.15,6.91,6.15,6.91
2023-01-24,6.732527905209785,5072987925.743091,179016766.19054908,uniswap,uni,,,,
2023-01-25,6.2797661682890515,4726797402.408939,134829681.58453035,uniswap,uni,,,,
2023-01-26,6.612763093760384,4978519397.295557,133179284.08800672,uniswap,uni,,,,
2023-01-27,6.767940813886911,5107801678.406004,125994398.13099666,uniswap,uni,6.73,6.77,6.28,6.77
2023-01-28,6.855114465031047,5167647151.252717,113122714.56466548,uniswap,uni,,,,
2023-01-29,6.625428060102146,4993524228.735352,83844785.5198767,uniswap,uni,,,,
2023-01-30,6.927771192231745,5216260641.668172,111578516.05086303,uniswap,uni,,,,
2023-01-31,6.515987442754232,4895850264.760277,134367760.71424213,uniswap,uni,6.86,6.93,6.52,6.52
2023-02-01,6.571896618074111,4950354877.509898,86390157.1894411,uniswap,uni,,,,
2023-02-02,6.812223156241193,5131973700.192405,138975879.8196638,uniswap,uni,,,,
2023-02-03,7.130699317584308,5372497539.508585,282451216.90420276,uniswap,uni,6.57,7.13,6.57,7.13
2023-02-04,7.081787450705217,5341550599.496141,214357436.43524623,uniswap,uni,,,,
2023-02-05,7.210825238296472,5452151227.771596,120991965.70693286,uniswap,uni,,,,
2023-02-06,6.902350563098347,5209341125.726168,152160275.3191631,uniswap,uni,,,,
2023-02-07,6.653401520190085,5013990600.209234,122051283.61190645,uniswap,uni,7.08,7.21,6.65,6.65
2023-02-08,7.004281175372742,5275198057.423763,115435337.11068924,uniswap,uni,,,,
2023-02-09,6.8087313861392635,5127124089.843575,132774857.03231986,uniswap,uni,,,,
2023-02-10,6.310014346949107,4751637720.055791,232666392.5854352,uniswap,uni,,,,
2023-02-11,6.362063025433941,4800417410.206058,110964543.63352312,uniswap,uni,7.0,7.0,6.31,6.36
2023-02-12,6.490483725282534,4889440616.489142,61319179.75603283,uniswap,uni,,,,
2023-02-13,6.336013740478567,4788541183.751905,55568260.6576907,uniswap,uni,,,,
2023-02-14,6.248098425407604,4719337372.187343,110823011.79379751,uniswap,uni,,,,
2023-02-15,6.586161130730303,4964736549.649795,89763139.50202547,uniswap,uni,6.49,6.59,6.25,6.59
2023-02-16,6.926372616824458,5218345828.46036,104923249.79301487,uniswap,uni,,,,
2023-02-17,6.513640579880445,4909634804.462306,141676612.4763968,uniswap,uni,,,,
2023-02-18,6.739587354743142,5084659621.06852,140622726.7114035,uniswap,uni,,,,
2023-02-19,6.9780524652907685,5259714072.884988,182166481.58989102,uniswap,uni,6.93,6.98,6.51,6.98
2023-02-20,7.186187205995068,5430590480.568778,276928161.3935972,uniswap,uni,,,,
2023-02-21,7.343616321915165,5537166669.783817,137208009.54812616,uniswap,uni,,,,
2023-02-22,7.025608538497244,5290152344.76877,134199509.16533245,uniswap,uni,,,,
2023-02-23,6.924052731605173,5225491312.696207,101986261.51448728,uniswap,uni,7.19,7.34,6.92,6.92
2023-02-24,6.9438507059082495,5222446260.967442,81020588.25357868,uniswap,uni,,,,
2023-02-25,6.568653365707155,4953848997.095033,103235567.05245478,uniswap,uni,,,,
2023-02-26,6.459062682067765,4870721302.483531,73830561.56497368,uniswap,uni,,,,
2023-02-27,6.598480575423422,4973963951.029317,56334280.11221115,uniswap,uni,6.94,6.94,6.46,6.6
2023-02-28,6.441450258149126,4856219633.403199,69144261.78599964,uniswap,uni,6.44,6.84,6.44,6.63
2023-03-01,6.493524153229285,4886356983.750283,74792891.18683127,uniswap,uni,,,,
2023-03-02,6.84287358847314,5163511432.224202,92398902.22934212,uniswap,uni,,,,
2023-03-03,6.6286727089246895,4996839875.863756,66207425.9129185,uniswap,uni,,,,
2023-03-04,6.269056560347043,4720317067.008948,93430517.42778255,uniswap,uni,,,,
2023-03-05,6.151329689500814,4634742405.97019,47477406.19516595,uniswap,uni,,,,
2023-03-06,6.351564398894908,4785687398.890965,67388837.76285101,uniswap,uni,,,,
2023-03-07,6.336255526192062,4769738448.434144,67036953.221178554,uniswap,uni,6.27,6.35,6.15,6.34
2023-03-08,6.432217448965165,4841692941.465445,89491397.23963796,uniswap,uni,,,,
2023-03-09,6.10439516419828,4606454641.77695,83838315.30961788,uniswap,uni,,,,
2023-03-10,5.7496048926674606,4318203589.575163,83784063.37549001,uniswap,uni,,,,
2023-03-11,5.626969108375294,4247092305.11589,113367340.68499562,uniswap,uni,6.43,6.43,5.63,5.63
2023-03-12,5.444649516443269,4094908731.3937244,127610381.40830249,uniswap,uni,,,,
2023-03-13,5.92090189872822,4448759895.706624,95778901.55652809,uniswap,uni,,,,
2023-03-14,6.103962176916298,4607312656.441097,156409577.90712523,uniswap,uni,,,,
2023-03-15,6.337172612135664,4778406633.622736,150721803.59301102,uniswap,uni,5.44,6.34,5.44,6.34
2023-03-16,5.944203286974016,4471108270.619365,111700189.8008612,uniswap,uni,,,,
2023-03-17,5.9560626394948555,4494961245.416702,74736644.5043195,uniswap,uni,,,,
2023-03-18,6.434525099211981,4850651371.378773,103337353.20225722,uniswap,uni,,,,
2023-03-19,6.517213072592928,4906707585.367002,118017239.33196333,uniswap,uni,5.94,6.52,5.94,6.52
2023-03-20,6.543550238395471,4950693993.780999,104937608.92218415,uniswap,uni,,,,
2023-03-21,6.228732600810676,4692539147.2787485,104037137.83433619,uniswap,uni,,,,
2023-03-22,6.462487426899697,4866937692.808725,88904489.96774378,uniswap,uni,,,,
2023-03-23,6.116675340811141,4605459195.855407,108448456.75738014,uniswap,uni,6.54,6.54,6.12,6.12
2023-03-24,6.2755676292281395,4728609439.33797,73585895.17012163,uniswap,uni,,,,
2023-03-25,5.8890193594955385,4466550832.675447,102979177.6712132,uniswap,uni,,,,
2023-03-26,5.754029491876373,4337745092.958157,66091097.60479686,uniswap,uni,,,,
2023-03-27,5.800199031626093,4385077664.651765,57699092.39824348,uniswap,uni,6.28,6.28,5.75,5.8
2023-03-28,5.660525947248859,4256049638.6439795,59826597.51401152,uniswap,uni,,,,
2023-03-29,5.825568909048209,4390251588.264973,50293552.121501476,uniswap,uni,,,,
2023-03-30,5.955668405366053,4485386843.358916,71109517.86530124,uniswap,uni,,,,
2023-03-31,5.900847071978364,4439213464.337526,82254798.81367911,uniswap,uni,5.66,5.96,5.66,5.9
2023-04-01,6.063573145528378,4573417060.292017,76369195.60046233,uniswap,uni,,,,
2023-04-02,6.099976197571637,4596201008.216763,57770389.40947745,uniswap,uni,,,,
2023-04-03,5.947417645108683,4483457783.042533,52966667.94187016,uniswap,uni,6.06,6.1,5.95,5.95
2023-04-04,5.932177865167837,4476485232.022342,76608291.46397084,uniswap,uni,,,,
2023-04-05,6.157015382841984,4640398906.882425,71436080.29964788,uniswap,uni,,,,
2023-04-06,6.234515118364167,4702342807.346953,70862460.43188582,uniswap,uni,,,,
2023-04-07,6.0757866237771925,4582672295.384517,62433929.03386283,uniswap,uni,5.93,6.23,5.93,6.08
2023-04-08,6.0051971208262005,4528856512.660218,64813727.02642054,uniswap,uni,,,,
2023-04-09,5.922685107095171,4467768898.127544,70164147.22346583,uniswap,uni,,,,
2023-04-10,5.916502659812081,4462993840.650317,69786282.31774472,uniswap,uni,,,,
2023-04-11,6.017906280950341,4541748707.564676,76821445.11774056,uniswap,uni,6.01,6.02,5.92,6.02
2023-04-12,5.9427672746404445,4479515267.831268,73765880.6529851,uniswap,uni,,,,
2023-04-13,5.947081789545151,4484300231.782725,93433196.7797888,uniswap,uni,,,,
2023-04-14,6.2024227415840905,4676133349.705781,90108545.24355485,uniswap,uni,,,,
2023-04-15,6.312428064511542,4757253852.019881,136752472.35840598,uniswap,uni,5.94,6.31,5.94,6.31
2023-04-16,6.270725118941805,4730457747.759178,78498800.948625,uniswap,uni,,,,
2023-04-17,6.314369637403724,4760421604.888949,97055845.58948804,uniswap,uni,,,,
2023-04-18,6.128354460044427,4614340584.397668,81974602.9277725,uniswap,uni,,,,
2023-04-19,6.326601535312743,4776865098.725458,97706010.12340665,uniswap,uni,6.27,6.33,6.13,6.33
2023-04-20,5.830854623940246,4395024790.026744,150016977.1398572,uniswap,uni,,,,
2023-04-21,5.781358363829697,4356612694.123208,88882755.41745293,uniswap,uni,,,,
2023-04-22,5.46096315271883,4112534550.497599,93044326.31192048,uniswap,uni,,,,
2023-04-23,5.503001827931416,4149610005.538114,63631421.016925946,uniswap,uni,5.83,5.83,5.46,5.5
2023-04-24,5.428357377942011,4083709292.0179896,65067104.492585465,uniswap,uni,,,,
2023-04-25,5.355886119411101,4036698427.738177,72133157.92331947,uniswap,uni,,,,
2023-04-26,5.4657637965614105,4117759970.395816,69898858.60539685,uniswap,uni,,,,
2023-04-27,5.343480415641755,4025463789.2460494,101216757.12123258,uniswap,uni,5.43,5.47,5.34,5.34
2023-04-28,5.560931073536011,4190176421.711198,82636744.95158437,uniswap,uni,,,,
2023-04-29,5.534569038024036,4165451910.053211,54203057.56136658,uniswap,uni,,,,
2023-04-30,5.620434804045045,4241663033.937427,52912754.57467177,uniswap,uni,5.56,5.62,5.53,5.62
2023-05-01,5.478524383087889,4125723194.4009376,58568131.03685351,uniswap,uni,,,,
2023-05-02,5.336386953155325,4017411994.83028,62538680.167213015,uniswap,uni,,,,
2023-05-03,5.32364801218973,4011770597.4010615,54559906.6871979,uniswap,uni,5.48,5.48,5.32,5.32
2023-05-04,5.388961149907478,4059212839.5621963,62764612.639644355,uniswap,uni,,,,
2023-05-05,5.2581636085987755,3967626639.247978,55332642.64224179,uniswap,uni,,,,
2023-05-06,5.550286184431344,4177003786.337612,112104381.47904067,uniswap,uni,,,,
2023-05-07,5.298448411794286,3988317785.3997097,110060038.16120577,uniswap,uni,5.39,5.55,5.26,5.3
2023-05-08,5.295645902257871,3972602974.30464,74411643.97763474,uniswap,uni,,,,
2023-05-09,4.9769342380389086,3747756211.2091393,130407691.35307911,uniswap,uni,,,,
2023-05-10,4.952137866712602,3734143759.9614816,75246771.43736872,uniswap,uni,,,,
2023-05-11,5.126164265613257,3865719204.9667025,93210380.25991216,uniswap,uni,5.3,5.3,4.95,5.13
2023-05-12,5.071989941375806,3821461606.802976,78649168.82079758,uniswap,uni,,,,
2023-05-13,5.200394206308631,3916598557.801766,59722190.69131669,uniswap,uni,,,,
2023-05-14,5.104572183567251,3857966129.5559964,31681487.17635174,uniswap,uni,,,,
2023-05-15,5.127454340682844,3864117973.4872756,34390351.25421021,uniswap,uni,5.07,5.2,5.07,5.13
2023-05-16,5.134053178434007,3872167081.0188003,41021530.66574075,uniswap,uni,,,,
2023-05-17,5.148127872487039,3883581067.928721,36820909.94078297,uniswap,uni,,,,
2023-05-18,5.323265878631758,4003310495.2919188,47968902.96630712,uniswap,uni,,,,
2023-05-19,5.299538819429385,4001865245.9562907,54243455.96152967,uniswap,uni,5.13,5.32,5.13,5.3
2023-05-20,5.315559158771174,4009735805.5314417,33083711.101705536,uniswap,uni,,,,
2023-05-21,5.282601347523744,3981323149.984158,22957629.110239018,uniswap,uni,,,,
2023-05-22,5.112711767116523,3856578252.9796095,30878821.575482395,uniswap,uni,,,,
2023-05-23,5.0847009758442265,3833484546.952709,40166342.3245977,uniswap,uni,5.32,5.32,5.08,5.08
2023-05-24,5.071831947744865,3823091223.8781085,39282787.83545617,uniswap,uni,,,,
2023-05-25,4.98113839458679,3760123211.2750225,46725507.45643354,uniswap,uni,,,,
2023-05-26,4.946658611939229,3728187792.2276855,36122069.71729254,uniswap,uni,,,,
2023-05-27,4.979518491766715,3751508939.646949,33103542.508340072,uniswap,uni,5.07,5.07,4.95,4.98
2023-05-28,5.042688067861025,3799061339.9454756,30254381.965128068,uniswap,uni,,,,
2023-05-29,5.1465732836530576,3883289155.7623177,35511882.545518085,uniswap,uni,,,,
2023-05-30,5.1083120784852705,3852537116.727532,37096022.88737077,uniswap,uni,,,,
2023-05-31,5.133186116025315,3870222778.7081757,34204865.16030245,uniswap,uni,5.04,5.15,5.04,5.13
2023-06-01,5.019596019901262,3782203161.574936,38069391.83149539,uniswap,uni,,,,
2023-06-02,4.986500218626665,3757848972.454962,29163799.367806334,uniswap,uni,,,,
2023-06-03,5.064659058324651,3817969389.9448824,32496003.852201726,uniswap,uni,5.02,5.06,4.99,5.06
2023-06-04,5.084986421733185,3832403880.5061555,21835695.967822205,uniswap,uni,,,,
2023-06-05,5.020687249206742,3780133333.6833677,43120937.255126804,uniswap,uni,,,,
2023-06-06,4.7396709066482074,3571232006.4493732,65704388.93868892,uniswap,uni,,,,
2023-06-07,4.780431235608112,3598471523.1982975,45911546.193991646,uniswap,uni,5.08,5.08,4.74,4.78
2023-06-08,4.54002579787527,3418869249.4259586,53687666.95471741,uniswap,uni,,,,
2023-06-09,4.6386874698906135,3495295854.718223,32912018.037345488,uniswap,uni,,,,
2023-06-10,4.584901171055099,3454520604.86023,32716543.00620039,uniswap,uni,,,,
2023-06-11,4.078229284994548,3076712266.0312696,153672651.51625344,uniswap,uni,4.54,4.64,4.08,4.08
2023-06-12,4.048602329066685,3050004178.7218585,41408534.670914784,uniswap,uni,,,,
2023-06-13,4.305720604590775,3242017092.022024,60594423.334284,uniswap,uni,,,,
2023-06-14,4.281626359848499,3228122002.4529214,90346159.36472192,uniswap,uni,,,,
2023-06-15,4.405205222209189,3321050222.7485704,124135060.41602881,uniswap,uni,4.05,4.41,4.05,4.41
2023-06-16,4.425318248214352,3332985370.62101,107071408.5739549,uniswap,uni,,,,
2023-06-17,4.54706965608982,3427071949.5757422,44452297.03416937,uniswap,uni,,,,
2023-06-18,4.521186781254822,3408510528.131619,39572251.25693703,uniswap,uni,,,,
2023-06-19,4.473370005233425,3372031311.8613,33154149.46525567,uniswap,uni,4.43,4.55,4.43,4.47
2023-06-20,4.472911098862998,3371889597.5737653,31310703.85224233,uniswap,uni,,,,
2023-06-21,4.567656218615513,3441849794.9869447,37196764.37580745,uniswap,uni,,,,
2023-06-22,4.781255694449516,3607719687.505027,55557721.906195074,uniswap,uni,,,,
2023-06-23,4.734433086522055,3569120803.490653,46832911.55578836,uniswap,uni,4.47,4.78,4.47,4.73
2023-06-24,4.863651740696963,3665294760.7974463,33681540.46718968,uniswap,uni,,,,
2023-06-25,4.733149021943787,3566595361.310091,31930181.791870527,uniswap,uni,,,,
2023-06-26,5.449521567035398,4104421717.559902,164576751.88211188,uniswap,uni,,,,
2023-06-27,5.268417570805075,3963368827.934585,103362674.31228249,uniswap,uni,4.86,5.45,4.73,5.27
2023-06-28,5.27322101792025,3971865950.344858,43175670.553782925,uniswap,uni,,,,
2023-06-29,4.832597035846512,3644972957.47273,55642415.932303034,uniswap,uni,,,,
2023-06-30,4.926370211570744,3718682161.878518,43870101.16223229,uniswap,uni,5.27,5.27,4.83,4.93
2023-07-01,5.275679373108626,3974301621.318058,102654717.90294623,uniswap,uni,,,,
2023-07-02,5.588350195457516,4206571344.434642,79361312.51206473,uniswap,uni,,,,
2023-07-03,5.548070005095347,4179354927.0325594,72340177.22222905,uniswap,uni,5.28,5.59,5.28,5.55
2023-07-04,5.511996184300917,4156539537.778073,68132165.13863741,uniswap,uni,,,,
2023-07-05,5.519097265774638,4163871296.825137,72588057.92673877,uniswap,uni,,,,
2023-07-06,5.419745194353509,4091876591.5538354,110534452.42183933,uniswap,uni,,,,
2023-07-07,5.29593381473856,4005105590.80432,112359618.18981089,uniswap,uni,5.51,5.52,5.3,5.3
2023-07-08,5.473339370338251,4123937757.2371416,129461949.47216973,uniswap,uni,,,,
2023-07-09,5.239831474335247,3948151495.2628,80677349.8405295,uniswap,uni,,,,
2023-07-10,5.225393051382017,3930974718.154736,58253589.77961489,uniswap,uni,,,,
2023-07-11,5.236427841732841,3942618699.605214,95112991.41875204,uniswap,uni,5.47,5.47,5.23,5.24
2023-07-12,5.25427797271118,3962690181.241324,61031058.59207186,uniswap,uni,,,,
2023-07-13,5.2766671700540195,3980439452.5544906,83974611.4141705,uniswap,uni,,,,
2023-07-14,5.848692012520715,4401811235.794664,149634536.29951772,uniswap,uni,,,,
2023-07-15,5.853676892378689,4405082707.093525,194213818.84711957,uniswap,uni,5.25,5.85,5.25,5.85
2023-07-16,5.803881775174218,4370988463.935703,84786880.94944417,uniswap,uni,,,,
2023-07-17,5.725484013292687,4317207361.100199,77683379.76112472,uniswap,uni,,,,
2023-07-18,5.911713113208832,4458614665.657943,225284913.31873032,uniswap,uni,,,,
2023-07-19,5.893496677972766,4437271573.311535,225162188.36511764,uniswap,uni,5.8,5.91,5.73,5.89
2023-07-20,5.875450517895142,4425299492.201327,107734170.76997088,uniswap,uni,,,,
2023-07-21,6.002500700268884,4526505199.704583,151525559.4990655,uniswap,uni,,,,
2023-07-22,6.210398336497867,4686213885.128025,171632512.27230862,uniswap,uni,,,,
2023-07-23,5.982876587649434,4518518585.238613,106587577.08880746,uniswap,uni,5.88,6.21,5.88,5.98
2023-07-24,6.152079778460655,4635924405.556448,96825196.01838246,uniswap,uni,,,,
2023-07-25,5.782928235919452,4356121040.272409,137309931.1944901,uniswap,uni,,,,
2023-07-26,5.790621725789195,4361792927.983698,68159391.9768643,uniswap,uni,,,,
2023-07-27,5.839830075983891,4400995271.152155,86533948.11809571,uniswap,uni,6.15,6.15,5.78,5.84
2023-07-28,5.866683821718809,4418699638.642598,84966835.09872192,uniswap,uni,,,,
2023-07-29,6.004977903803845,4524800716.41274,75386780.16805533,uniswap,uni,,,,
2023-07-30,6.336875158789292,4770115437.84684,102556022.06228878,uniswap,uni,,,,
2023-07-31,6.417432470180823,4831383010.632866,163753823.2085087,uniswap,uni,5.87,6.42,5.87,6.42
2023-08-01,6.543023064649841,4939848563.359335,207091595.1398604,uniswap,uni,,,,
2023-08-02,6.667360874179851,5018004775.009499,207595919.36945775,uniswap,uni,,,,
2023-08-03,6.146477296601591,4636203751.097334,156830051.0113192,uniswap,uni,6.54,6.67,6.15,6.15
2023-08-04,6.103865632692293,4607838660.810239,152523095.39482775,uniswap,uni,,,,
2023-08-05,6.061334060713692,4563844343.690116,99113153.13309556,uniswap,uni,,,,
2023-08-06,6.07877136484414,4579504375.642312,71065260.51535967,uniswap,uni,,,,
2023-08-07,5.937119516058473,4475165404.7708845,69186693.59065674,uniswap,uni,6.1,6.1,5.94,5.94
2023-08-08,5.862996640739366,4416775973.424125,103629249.20907408,uniswap,uni,,,,
2023-08-09,6.08980527318621,4592247579.321545,104895258.36695865,uniswap,uni,,,,
2023-08-10,6.269968099851011,4728469035.04728,105496796.06514302,uniswap,uni,,,,
2023-08-11,6.189792763677385,4665684260.379035,94245286.27093214,uniswap,uni,5.86,6.27,5.86,6.19
2023-08-12,6.180008349186195,4657055850.094885,71188844.12848146,uniswap,uni,,,,
2023-08-13,6.2170567918918245,4684980241.02393,61425373.16613283,uniswap,uni,,,,
2023-08-14,6.088591197811466,4587587707.722947,51621919.52496473,uniswap,uni,,,,
2023-08-15,6.257406968659907,4718189346.858134,82473378.4701717,uniswap,uni,6.18,6.26,6.09,6.26
2023-08-15,6.244004345102367,4702059972.758304,79786814.06786332,uniswap,uni,6.18,6.26,6.09,6.26
